first_name,last_name,email
Margot,Ellum,mellum0@parallels.com
Eran,Montel,emontel1@google.com
Sue,Grebbin,sgrebbin2@tamu.edu
Tony,Sheircliffe,tsheircliffe3@narod.ru
Amalie,Bresson,abresson4@dailymail.co.uk
Lorrayne,Ivakhno,livakhno5@squidoo.com
Flori,Smaling,fsmaling6@zdnet.com
Walliw,Menci,wmenci7@tripod.com
Midge,Di Domenico,mdidomenico8@skyrock.com
Cornelle,Slyford,cslyford9@live.com
Ermentrude,Rainbird,erainbirda@cpanel.net
Kettie,Morbey,kmorbeyb@ucoz.ru
Almeda,Buncom,abuncomc@csmonitor.com
Verene,Bergin,vbergind@washington.edu
Felicle,Meake,fmeakee@mtv.com
Pansie,Hawkeridge,phawkeridgef@noaa.gov
Lenna,Glazer,lglazerg@sbwire.com
Carmon,Caddies,ccaddiesh@tamu.edu
Demetra,Brandassi,dbrandassii@bing.com
Petronilla,Towe,ptowej@oracle.com
Deedee,Henrys,dhenrysk@mediafire.com
Marcelle,Hawtrey,mhawtreyl@icq.com
Batsheva,Foyster,bfoysterm@techcrunch.com
Merrili,Watson-Brown,mwatsonbrownn@hc360.com
Jazmin,Dedam,jdedamo@booking.com
Fan,Billings,fbillingsp@flickr.com
Elena,Greir,egreirq@wufoo.com
Petrina,Bending,pbendingr@surveymonkey.com
Tory,Wheatland,twheatlands@123-reg.co.uk
Sindee,Finders,sfinderst@friendfeed.com
Bambie,Tennock,btennocku@examiner.com
Clareta,Chrippes,cchrippesv@barnesandnoble.com
Wendeline,Bruhke,wbruhkew@tiny.cc
Glynis,Hiorn,ghiornx@jiathis.com
Magdalena,Diddams,mdiddamsy@google.nl
Deena,Harbison,dharbisonz@latimes.com
Tobye,Summerlie,tsummerlie10@cbc.ca
Cherianne,Padson,cpadson11@amazon.de
Cristie,Deares,
Gleda,Orro,gorro13@huffingtonpost.com
Sheri,Harrild,sharrild14@networksolutions.com
Emlynn,Piddocke,epiddocke15@taobao.com
Bernadene,MacCafferky,bmaccafferky16@pinterest.com
Delinda,Kanter,dkanter17@barnesandnoble.com
Jess,Shallow,jshallow18@soup.io
Lauretta,Anstiss,lanstiss19@jigsy.com
Mallory,Batrick,mbatrick1a@mac.com
Kaia,Punt,kpunt1b@miitbeian.gov.cn
Marthena,Fishe,mfishe1c@oracle.com
Korie,Puttock,kputtock1d@wikispaces.com
Theresa,Mundee,tmundee1e@patch.com
Doe,Getcliff,dgetcliff1f@w3.org
Marylynne,Purves,mpurves1g@google.fr
Krystle,Praill,kpraill1h@cnn.com
Yoko,Sturmey,ysturmey1i@myspace.com
Charyl,Barson,cbarson1j@springer.com
Seana,Chinge de Hals,schingedehals1k@umich.edu
Savina,Izakof,sizakof1l@redcross.org
Eula,Pyson,epyson1m@apple.com
Marcelia,Moseby,mmoseby1n@businesswire.com
Janie,Tardiff,jtardiff1o@mtv.com
Catrina,Jertz,cjertz1p@google.co.uk
Hetti,Askaw,haskaw1q@google.es
Stephenie,Samuel,ssamuel1r@chron.com
Friederike,Liddon,fliddon1s@quantcast.com
Merrie,Mogie,mmogie1t@go.com
Nerita,McClounan,nmcclounan1u@icq.com
Drusilla,Mendel,dmendel1v@tiny.cc
Domini,Glave,dglave1w@hao123.com
Brinn,Berzons,bberzons1x@stumbleupon.com
Allegra,Jennings,ajennings1y@mysql.com
Lou,Flewitt,lflewitt1z@parallels.com
Aubree,McCawley,amccawley20@issuu.com
Korie,Jeanenet,kjeanenet21@google.co.uk
Chlo,Bodocs,cbodocs22@scribd.com
Ally,Pick,apick23@shinystat.com
Katy,Callingham,kcallingham24@live.com
Robinia,Cymper,rcymper25@redcross.org
Mei,Janney,mjanney26@ezinearticles.com
Stevana,Ganforthe,sganforthe27@tamu.edu
Emeline,Peaseman,epeaseman28@abc.net.au
Con,Lathey,clathey29@psu.edu
Annice,Landre,alandre2a@bluehost.com
Lelia,Gasquoine,lgasquoine2b@weebly.com
Ami,Adess,aadess2c@bluehost.com
Vita,Veld,vveld2d@marketwatch.com
Wandie,Maffulli,wmaffulli2e@spotify.com
Adoree,Dawbery,adawbery2f@nps.gov
Charmian,Machan,cmachan2g@furl.net
Shannen,Puddifer,spuddifer2h@blog.com
Aubrette,Wintringham,awintringham2i@hc360.com
Peggy,Dell'Abbate,pdellabbate2j@skype.com
Joye,Franzolini,jfranzolini2k@java.com
Trish,Getsham,tgetsham2l@java.com
Meghan,Brydon,mbrydon2m@chron.com
Carola,Oller,coller2n@mozilla.com
Riki,Awmack,rawmack2o@webs.com
Rochella,Birtle,rbirtle2p@yellowbook.com
Philippine,Sidworth,psidworth2q@sakura.ne.jp
Camel,Bedborough,cbedborough2r@shop-pro.jp
Brigid,Harman,bharman2s@sun.com
Dayle,Coppens,dcoppens2t@washingtonpost.com
Angil,Milley,amilley2u@freewebs.com
Elsi,Pettko,epettko2v@state.tx.us
Mommy,McDoual,mmcdoual2w@moonfruit.com
Beverlee,Alphonso,balphonso2x@cnbc.com
Helen-elizabeth,Flory,hflory2y@npr.org
Neille,Drews,ndrews2z@taobao.com
Annabal,McKomb,amckomb30@about.com
Sabina,Roughsedge,sroughsedge31@cbsnews.com
Deina,Gozzard,dgozzard32@jigsy.com
Josee,Gemmell,jgemmell33@rediff.com
Reggie,Delepine,
Lavinie,Tomashov,ltomashov35@youtu.be
Gweneth,Constance,gconstance36@dell.com
Collette,Sturges,csturges37@washingtonpost.com
Lyndsay,Litherland,llitherland38@desdev.cn
Abagael,Brabban,abrabban39@ocn.ne.jp
Corrianne,Biskupski,cbiskupski3a@bloglines.com
Cassandry,Carley,ccarley3b@mysql.com
Thelma,Jillins,tjillins3c@deviantart.com
Heidi,Turnpenny,hturnpenny3d@fda.gov
Cordie,Lacroix,clacroix3e@booking.com
Chiarra,Senten,csenten3f@dell.com
Chrysler,Genty,cgenty3g@amazon.co.jp
Hildy,Beacom,hbeacom3h@cmu.edu
Marissa,Rosenblad,mrosenblad3i@jimdo.com
Gwendolin,Clilverd,gclilverd3j@scientificamerican.com
Emilia,Steels,esteels3k@vkontakte.ru
Lyndsie,Garraway,lgarraway3l@slideshare.net
Justinn,Aldrick,jaldrick3m@businesswire.com
Jeane,McMenamie,jmcmenamie3n@cbslocal.com
Maddy,Corson,mcorson3o@hp.com
Robbyn,Le Grys,rlegrys3p@sogou.com
Inga,Maccaddie,imaccaddie3q@youtube.com
Robenia,Fonteyne,rfonteyne3r@cbsnews.com
Malva,Overthrow,moverthrow3s@multiply.com
Melody,Fonzo,mfonzo3t@jigsy.com
Vinny,Jakuszewski,vjakuszewski3u@cafepress.com
Wendye,Aizkovitch,waizkovitch3v@networkadvertising.org
Dominique,Caffery,dcaffery3w@ft.com
Verene,Measor,
Clio,St Louis,cstlouis3y@instagram.com
Dniren,Caiger,dcaiger3z@ovh.net
Rochell,Whewill,rwhewill40@xrea.com
Meredithe,Ference,
Dorris,Mullard,dmullard42@dropbox.com
Dorelle,Godard,dgodard43@noaa.gov
Ailsun,Munt,amunt44@usda.gov
Jeralee,Whitney,jwhitney45@archive.org
Jessalin,McCool,jmccool46@adobe.com
Laurette,Jarrell,ljarrell47@phoca.cz
Leila,Guillard,lguillard48@walmart.com
Leora,Sneaker,lsneaker49@pcworld.com
Gennifer,Dall,gdall4a@t-online.de
Miriam,Dominec,mdominec4b@wikispaces.com
Lina,Lakin,llakin4c@xing.com
Nadiya,Withrop,nwithrop4d@noaa.gov
Gus,Bresner,gbresner4e@google.co.jp
Erinna,Jentle,ejentle4f@mit.edu
Nedi,Posten,nposten4g@samsung.com
Gussie,Rivalant,grivalant4h@networkadvertising.org
Laure,McCerery,lmccerery4i@paypal.com
Loella,Timbrell,ltimbrell4j@ow.ly
Leia,Fromant,lfromant4k@usda.gov
Delphine,Gianettini,dgianettini4l@blogger.com
Sharity,Fernanando,sfernanando4m@arstechnica.com
Tera,Parkhouse,tparkhouse4n@amazon.de
Shandeigh,Bulcroft,sbulcroft4o@naver.com
Olivie,Dupree,odupree4p@goo.ne.jp
Norean,Cornbill,ncornbill4q@usgs.gov
Clarissa,Reaman,creaman4r@usnews.com
Hertha,Wildes,hwildes4s@ebay.com
Ashli,Obern,aobern4t@woothemes.com
Marilyn,Alpin,malpin4u@icio.us
Daryl,Fingleton,dfingleton4v@amazon.co.uk
Corinne,Galiford,cgaliford4w@reference.com
Easter,Madsen,emadsen4x@mozilla.com
Dara,Leckey,dleckey4y@ucoz.ru
Peta,Trussell,ptrussell4z@desdev.cn
Hilda,Durward,hdurward50@google.it
Paula,Schukraft,pschukraft51@qq.com
Jolene,Whyberd,jwhyberd52@scientificamerican.com
Alana,Cockman,acockman53@multiply.com
Gabbi,Dunford,gdunford54@google.fr
Adriana,Dolligon,adolligon55@livejournal.com
Casi,Aleshintsev,caleshintsev56@sakura.ne.jp
Linea,Throughton,lthroughton57@cpanel.net
Carroll,Knevett,cknevett58@w3.org
Inger,Pigeram,ipigeram59@earthlink.net
Saloma,Larsen,slarsen5a@npr.org
Marguerite,Trout,mtrout5b@clickbank.net
Noelyn,Blazey,nblazey5c@ted.com
Margie,Hurlestone,mhurlestone5d@yellowpages.com
Kerri,Kisby,kkisby5e@skype.com
Annmarie,Holhouse,aholhouse5f@liveinternet.ru
Susanetta,Dilger,
Friederike,Swainsbury,fswainsbury5h@techcrunch.com
Collie,Ducker,
Doll,Aleevy,daleevy5j@hhs.gov
Trina,Tubby,ttubby5k@arizona.edu
Sharla,Barrass,sbarrass5l@admin.ch
Helena,Voase,
Johanna,Breakey,
Agna,Woolf,awoolf5o@baidu.com
Gertruda,Torel,gtorel5p@alexa.com
Tresa,Wharf,twharf5q@unblog.fr
Nelie,Bellas,nbellas5r@slideshare.net
Evangeline,Tunna,etunna5s@parallels.com
Dianemarie,Bruckman,dbruckman5t@cloudflare.com
Lynna,Ellaway,lellaway5u@chicagotribune.com
Tyne,Bristoe,tbristoe5v@liveinternet.ru
Bekki,Dewbury,bdewbury5w@sfgate.com
Tracie,Tamsett,ttamsett5x@cafepress.com
Melisa,Shacklady,mshacklady5y@marketwatch.com
Colline,Rowett,crowett5z@mapquest.com
Teri,Patching,tpatching60@histats.com
Brandie,Crittal,
Phillie,Vlasin,pvlasin62@networkadvertising.org
Kit,Rosendahl,krosendahl63@github.com
Sunshine,Asbury,sasbury64@walmart.com
Saundra,Sysland,ssysland65@woothemes.com
Faydra,Treasure,ftreasure66@facebook.com
Erena,Lloyd-Williams,elloydwilliams67@photobucket.com
Concordia,Geddes,cgeddes68@techcrunch.com
Gwendolin,Slograve,gslograve69@mlb.com
Aime,Retallick,aretallick6a@google.co.uk
Gusty,Brunnen,gbrunnen6b@timesonline.co.uk
Layne,Mould,lmould6c@about.com
Christalle,Menelaws,cmenelaws6d@topsy.com
Torrie,Larenson,tlarenson6e@eventbrite.com
Myrtice,Matveichev,mmatveichev6f@answers.com
Carmencita,Fennelow,cfennelow6g@alexa.com
Tamarah,Pound,tpound6h@cmu.edu
Desdemona,Lawrie,dlawrie6i@businesswire.com
Kristy,Stithe,kstithe6j@rediff.com
Lyndel,Bostick,lbostick6k@reference.com
Felice,Barney,fbarney6l@deliciousdays.com
Brigida,Tollady,btollady6m@ihg.com
Tildy,Ruprecht,truprecht6n@reddit.com
Fidelia,Noseworthy,fnoseworthy6o@sourceforge.net
Torie,Bartley,tbartley6p@youtube.com
Manya,Forsey,mforsey6q@admin.ch
Kacie,Feechum,kfeechum6r@4shared.com
Jany,Crewes,jcrewes6s@cornell.edu
Corly,Girauld,cgirauld6t@yolasite.com
Mag,Marquess,mmarquess6u@qq.com
Tabatha,Bloor,tbloor6v@bloglines.com
Bev,Fallowes,bfallowes6w@edublogs.org
Jerrine,Cragoe,jcragoe6x@csmonitor.com
Kimberli,Welling,kwelling6y@tinypic.com
Stacia,Schlag,sschlag6z@lulu.com
Didi,Weerdenburg,dweerdenburg70@apple.com
Martica,Moryson,mmoryson71@unc.edu
Corine,Tesh,ctesh72@youtu.be
Damara,Evetts,devetts73@gnu.org
Rhea,Bucky,rbucky74@washingtonpost.com
Jeniece,Zannini,jzannini75@go.com
Tersina,Burmingham,tburmingham76@phpbb.com
Stepha,Dumper,sdumper77@goo.ne.jp
Aime,O'Dea,aodea78@cam.ac.uk
Mahalia,Smewing,
Caressa,Greedy,cgreedy7a@uol.com.br
Elspeth,Curmi,ecurmi7b@soup.io
Vonny,Gilbank,vgilbank7c@angelfire.com
Cayla,Morrall,cmorrall7d@zdnet.com
Melinde,Thorndycraft,mthorndycraft7e@dmoz.org
Dodi,MacCaughan,dmaccaughan7f@infoseek.co.jp
Wilhelmina,Wigfield,wwigfield7g@barnesandnoble.com
Kettie,Jaeggi,kjaeggi7h@ca.gov
Deborah,Forty,dforty7i@thetimes.co.uk
Kitti,Moneypenny,kmoneypenny7j@census.gov
Ronda,Ogan,rogan7k@hud.gov
Christy,Scanlin,cscanlin7l@diigo.com
Cassandre,Braddock,cbraddock7m@taobao.com
Alisa,Lorent,alorent7n@alibaba.com
Neely,Ryton,nryton7o@pbs.org
Kissie,Kadd,kkadd7p@gnu.org
Portia,Stamps,pstamps7q@unesco.org
Mab,Cristea,mcristea7r@marriott.com
Gerrilee,Anthiftle,ganthiftle7s@cocolog-nifty.com
Yevette,Westlake,ywestlake7t@sphinn.com
Maye,Witcherley,mwitcherley7u@youku.com
Henrieta,Balls,hballs7v@amazon.co.jp
Christina,Zavattiero,czavattiero7w@aboutads.info
Elyssa,Exon,eexon7x@statcounter.com
Tobey,Marquiss,tmarquiss7y@comcast.net
Keelia,Iannuzzi,kiannuzzi7z@123-reg.co.uk
Willette,Blemen,wblemen80@ihg.com
Celestina,Bliben,cbliben81@opensource.org
Shea,Petters,spetters82@sun.com
Luz,Stitson,lstitson83@google.co.uk
Brier,Cornewall,bcornewall84@drupal.org
Ainslie,Spring,aspring85@time.com
Calida,Wooles,cwooles86@narod.ru
Candice,Lyte,clyte87@ucoz.ru
Rivi,Pires,rpires88@ameblo.jp
Cassandry,Klampk,cklampk89@dyndns.org
Amalia,Mitham,amitham8a@zimbio.com
Margaret,Birdwhistell,mbirdwhistell8b@typepad.com
Meta,Nutty,mnutty8c@zimbio.com
Merrily,Brookton,mbrookton8d@illinois.edu
Korry,Bentham,kbentham8e@aol.com
Annadiane,Stigell,astigell8f@jimdo.com
Genevra,Springthorpe,gspringthorpe8g@xrea.com
Toni,Gyles,tgyles8h@admin.ch
Kippy,Christoforou,kchristoforou8i@taobao.com
Lonni,Jopson,ljopson8j@alexa.com
Pris,Cumming,pcumming8k@state.gov
Kristan,Huntington,khuntington8l@fema.gov
Stacie,Solomonides,ssolomonides8m@whitehouse.gov
Celestina,Lindstrom,clindstrom8n@google.de
Carmencita,Diggar,cdiggar8o@dmoz.org
Devinne,Wisdom,dwisdom8p@spotify.com
Kalina,Duiged,kduiged8q@unc.edu
Roch,Barette,rbarette8r@photobucket.com
Elmira,Klimt,eklimt8s@microsoft.com
Jaquenetta,Bachanski,jbachanski8t@discovery.com
Minnnie,Aspling,maspling8u@discuz.net
Coralie,Aloshechkin,caloshechkin8v@sciencedirect.com
Eileen,Priditt,epriditt8w@mozilla.com
Tiffy,Burner,tburner8x@bloomberg.com
Penelope,Beisley,pbeisley8y@un.org
Caye,Farrey,cfarrey8z@freewebs.com
Chloe,Avory,cavory90@livejournal.com
Retha,Van Arsdalen,rvanarsdalen91@chron.com
Kathrine,Maulin,
Jaclyn,Reisen,jreisen93@plala.or.jp
Kessia,Ragg,kragg94@163.com
Blithe,Salle,bsalle95@umn.edu
Thomasin,Kulas,tkulas96@jiathis.com
Olly,Dermot,odermot97@g.co
Verna,Lemmens,vlemmens98@hhs.gov
Viviene,Gurry,vgurry99@sohu.com
Ardath,Piggins,apiggins9a@exblog.jp
Jocelin,Duckitt,jduckitt9b@about.me
Leela,Kilkenny,lkilkenny9c@noaa.gov
Guglielma,Oels,goels9d@yolasite.com
Georgiana,Silkston,gsilkston9e@joomla.org
Kailey,MacRory,kmacrory9f@mashable.com
Joceline,Dellow,jdellow9g@ihg.com
Auroora,Albasiny,aalbasiny9h@sun.com
Melisenda,Squibbs,msquibbs9i@si.edu
Rennie,Basnett,rbasnett9j@smugmug.com
Alex,Clayfield,aclayfield9k@senate.gov
Perrine,Gibbon,pgibbon9l@tripod.com
Bernadine,Manifold,bmanifold9m@sina.com.cn
Kania,Seniour,kseniour9n@networksolutions.com
Elbertina,Tonepohl,etonepohl9o@ocn.ne.jp
Walliw,Caroll,wcaroll9p@trellian.com
Thelma,Marusik,tmarusik9q@gmpg.org
Jeni,Bartrum,jbartrum9r@utexas.edu
Hedvig,Pallin,
Steffie,Wandrey,
Lainey,Humphries,lhumphries9u@chronoengine.com
Juieta,Cordet,jcordet9v@etsy.com
Abigael,Dingwall,adingwall9w@blogspot.com
Brittaney,Epine,bepine9x@rambler.ru
Shaina,Mattersley,smattersley9y@gizmodo.com
Brynne,Gabala,bgabala9z@plala.or.jp
Roobbie,Enderwick,renderwicka0@tuttocitta.it
Winnie,Buttrum,wbuttruma1@blog.com
Giana,Templman,gtemplmana2@google.nl
Kathryne,Woodhams,kwoodhamsa3@gizmodo.com
Michaela,Cresswell,mcresswella4@cocolog-nifty.com
Kirbee,Van Dijk,kvandijka5@sakura.ne.jp
Arline,Friedank,afriedanka6@vistaprint.com
Aretha,Renfrew,arenfrewa7@wordpress.com
Nadean,Mattek,nmatteka8@imgur.com
Elke,Garret,egarreta9@mit.edu
Leda,Paule,
Jane,Elwell,jelwellab@sourceforge.net
Glenn,Fittis,gfittisac@pen.io
Ethelyn,Condon,econdonad@t-online.de
Rosetta,Hallagan,rhallaganae@imdb.com
Ora,Burkitt,oburkittaf@delicious.com
Leta,Marris,lmarrisag@storify.com
Georgetta,Leak,gleakah@illinois.edu
Magdalena,Figin,mfiginai@patch.com
Marjy,Gres,
Arlyne,Hickisson,ahickissonak@reference.com
Sisely,Kohrsen,skohrsenal@nasa.gov
Morgen,De Mattei,mdematteiam@simplemachines.org
Gretta,Sly,gslyan@photobucket.com
Ula,Tatlock,utatlockao@blogger.com
Carin,Kruse,ckruseap@homestead.com
April,Jovey,ajoveyaq@mtv.com
Sileas,Rogier,srogierar@youku.com
Filide,Innett,finnettas@ftc.gov
Josefa,Ruslen,jruslenat@eepurl.com
Aurelia,Houndesome,ahoundesomeau@stumbleupon.com
Zola,Vanin,zvaninav@adobe.com
Sarah,Cocozza,scocozzaaw@123-reg.co.uk
Erena,Vinson,evinsonax@weather.com
Bernelle,Mantrup,bmantrupay@bing.com
Rosabelle,Kender,rkenderaz@baidu.com
Geraldine,Iorizzi,giorizzib0@cornell.edu
Hana,Pladen,hpladenb1@jalbum.net
Teresita,Cleator,tcleatorb2@privacy.gov.au
Yasmin,Ferrino,yferrinob3@mysql.com
Rasia,Constantinou,rconstantinoub4@yale.edu
Jillayne,Duell,jduellb5@berkeley.edu
Odelia,Elverston,oelverstonb6@marriott.com
Felicia,Sawkins,fsawkinsb7@marriott.com
Rochette,O'Lenane,rolenaneb8@businessweek.com
Alissa,Caruth,acaruthb9@booking.com
Karlotta,Cuppleditch,kcuppleditchba@theglobeandmail.com
Selena,Kupka,skupkabb@163.com
Tiphani,Limbrick,tlimbrickbc@deviantart.com
Zilvia,Boltwood,zboltwoodbd@rakuten.co.jp
Ania,Coldridge,acoldridgebe@tuttocitta.it
Winne,Danko,wdankobf@youtube.com
Pauli,Mumm,pmummbg@slashdot.org
Lynda,Darco,ldarcobh@tripadvisor.com
Ivette,Trippitt,itrippittbi@marketwatch.com
Linnell,Rubinsohn,lrubinsohnbj@ow.ly
Ianthe,Colbert,icolbertbk@desdev.cn
Pearle,Pittoli,ppittolibl@seesaa.net
Gwendolin,Fadden,gfaddenbm@hugedomains.com
Nissie,Mounce,nmouncebn@smh.com.au
Margery,Bysshe,mbysshebo@shareasale.com
Oriana,Burris,oburrisbp@illinois.edu
Amata,Eary,aearybq@archive.org
Shanta,Ornelas,sornelasbr@php.net
Merle,Baskerfield,mbaskerfieldbs@odnoklassniki.ru
Dru,Rowlett,drowlettbt@free.fr
Sherye,Hadgraft,shadgraftbu@indiatimes.com
Deloris,Henaughan,dhenaughanbv@google.ca
Carolynn,Woolf,cwoolfbw@ameblo.jp
Orelle,Gauchier,ogauchierbx@google.com.br
Diann,Willmett,dwillmettby@nationalgeographic.com
Bria,Kornousek,bkornousekbz@tinyurl.com
Florrie,Baddam,fbaddamc0@army.mil
Timmi,Bencher,tbencherc1@cnn.com
Dorian,Chatan,dchatanc2@virginia.edu
Janot,MacCook,jmaccookc3@mediafire.com
Blakeley,Sirmond,bsirmondc4@fastcompany.com
Fawn,Critzen,fcritzenc5@shop-pro.jp
Giuditta,Allatt,gallattc6@wikimedia.org
Bendite,Symms,bsymmsc7@google.com.br
Elwira,Bispo,ebispoc8@epa.gov
Joletta,Tupman,jtupmanc9@jimdo.com
Caroline,Thomassen,cthomassenca@woothemes.com
Dorelle,Dawid,ddawidcb@bigcartel.com
Eleonora,Pude,epudecc@earthlink.net
Ruthi,MacQuaker,rmacquakercd@sina.com.cn
Teddi,Sodory,tsodoryce@spiegel.de
Silvana,Blose,sblosecf@merriam-webster.com
Chiquia,Genthner,cgenthnercg@admin.ch
Haley,Hardiker,hhardikerch@hao123.com
Junina,Bleckly,jblecklyci@google.ru
Meriel,Bartleman,mbartlemancj@npr.org
Muire,Reddick,mreddickck@squidoo.com
Clarabelle,Mc Combe,cmccombecl@stanford.edu
Melody,Brea,mbreacm@icio.us
Bea,Gohn,bgohncn@nyu.edu
Neysa,Mennithorp,nmennithorpco@bandcamp.com
Ulrica,Tant,utantcp@youtube.com
Theda,Condit,tconditcq@edublogs.org
Marja,Schoenrock,mschoenrockcr@fastcompany.com
Brenn,Evers,beverscs@nyu.edu
Una,Sporner,uspornerct@list-manage.com
Minette,Brennenstuhl,mbrennenstuhlcu@latimes.com
Claretta,Causier,ccausiercv@blogger.com
Kerrin,Mandrake,kmandrakecw@nps.gov
Lin,Grishelyov,lgrishelyovcx@yolasite.com
Leontyne,Bannon,lbannoncy@usatoday.com
Thekla,Ronchetti,tronchetticz@usa.gov
Hanny,Pendergast,hpendergastd0@privacy.gov.au
Isa,Rabbet,irabbetd1@flickr.com
Romona,Spillane,rspillaned2@gnu.org
Jerry,Bedrosian,jbedrosiand3@51.la
Othilia,Barizeret,obarizeretd4@imgur.com
Bee,Beals,bbealsd5@oaic.gov.au
Kirby,Blore,kblored6@statcounter.com
Gerti,Bedome,gbedomed7@usnews.com
Prudi,Ivatt,pivattd8@technorati.com
Helenka,Biagi,hbiagid9@businessweek.com
Zora,Fosserd,zfosserdda@whitehouse.gov
Wilone,Bouzan,wbouzandb@shinystat.com
Cleo,Littlecote,clittlecotedc@theguardian.com
Brenna,Wynrehame,bwynrehamedd@stumbleupon.com
Neely,MacNucator,nmacnucatorde@github.com
Caril,Fairnie,cfairniedf@cdbaby.com
Daisy,Masding,dmasdingdg@accuweather.com
Frannie,Bolsover,fbolsoverdh@biblegateway.com
Ethyl,Lowle,elowledi@independent.co.uk
Roselia,Jenkison,rjenkisondj@godaddy.com
Delilah,Giorgietto,dgiorgiettodk@woothemes.com
Brear,Strowlger,bstrowlgerdl@trellian.com
Yoko,Scanderet,yscanderetdm@thetimes.co.uk
Elizabeth,Saines,esainesdn@seattletimes.com
Row,Cheston,rchestondo@china.com.cn
Bertina,McTrustrie,bmctrustriedp@mlb.com
Torrie,Tregaskis,ttregaskisdq@craigslist.org
Hyacinth,Francesco,hfrancescodr@icq.com
Tiffanie,Ridhole,
Valentia,Kurten,
Aurelea,Keward,akewarddu@cdbaby.com
Kylila,Cottage,kcottagedv@plala.or.jp
Karia,Carik,kcarikdw@columbia.edu
Eddie,Matus,ematusdx@ucoz.ru
Jenn,Shippey,jshippeydy@cbc.ca
Brandice,Riccardini,briccardinidz@vimeo.com
Ruth,Pawle,rpawlee0@google.it
Jeannine,Hook,jhooke1@huffingtonpost.com
Cindy,Raddenbury,craddenburye2@bloglovin.com
Siusan,Peacop,speacope3@businessinsider.com
Kara,Letham,klethame4@wordpress.org
Anstice,Fairchild,afairchilde5@fotki.com
Gretal,Gronav,ggronave6@wix.com
Edita,Denson,edensone7@reuters.com
Vera,Sempill,vsempille8@bing.com
Marysa,Whitely,mwhitelye9@who.int
Valaree,Genery,vgeneryea@amazon.co.jp
Dorena,Culpan,dculpaneb@flickr.com
Dyane,Stanbridge,dstanbridgeec@harvard.edu
Celle,Beldom,cbeldomed@tamu.edu
Thea,Yerill,tyerillee@bing.com
Kathe,Haquin,khaquinef@usatoday.com
Jeannette,Cominetti,jcominettieg@shop-pro.jp
Shanie,Gilbee,sgilbeeeh@europa.eu
Agathe,Pearsey,apearseyei@merriam-webster.com
Amalle,Pudney,apudneyej@hubpages.com
Gracie,Vane,gvaneek@fda.gov
Minerva,Parratt,mparrattel@techcrunch.com
Lissie,Maruszewski,lmaruszewskiem@usatoday.com
Marlene,Gaffer,mgafferen@moonfruit.com
Rey,Von Helmholtz,rvonhelmholtzeo@parallels.com
Cordy,Provest,cprovestep@umn.edu
Ninetta,Harniman,nharnimaneq@nih.gov
Guillemette,Dyball,gdyballer@forbes.com
Latia,Macbeth,lmacbethes@seesaa.net
Ursa,Vannuccinii,uvannucciniiet@columbia.edu
Jorey,Kinnaird,jkinnairdeu@apache.org
Ammamaria,McIlwaine,amcilwaineev@chicagotribune.com
Lulita,Naptin,lnaptinew@shareasale.com
Martina,Nattriss,mnattrissex@jiathis.com
Larissa,Brotherwood,lbrotherwoodey@arizona.edu
Theressa,Hadkins,thadkinsez@yellowbook.com
Elinor,Cordes,ecordesf0@reuters.com
Amandie,Lapidus,alapidusf1@hatena.ne.jp
Luce,Galton,lgaltonf2@berkeley.edu
Shellie,Algy,salgyf3@go.com
Bianca,Bottini,bbottinif4@devhub.com
Aura,Saladine,
Edie,Tregaskis,etregaskisf6@amazon.de
Blair,Morrice,bmorricef7@cyberchimps.com
Henrieta,Davitti,hdavittif8@seesaa.net
Rafa,Ratcliffe,rratcliffef9@desdev.cn
Willamina,Torre,wtorrefa@jimdo.com
Albina,Rushbury,arushburyfb@salon.com
Ivie,Lozano,ilozanofc@forbes.com
Olenka,Jon,ojonfd@tiny.cc
Melody,Rushbrooke,mrushbrookefe@multiply.com
Fanya,Dilawey,fdilaweyff@fda.gov
Lara,Haslin,lhaslinfg@china.com.cn
Alyse,Slipper,aslipperfh@illinois.edu
Charisse,Popplestone,cpopplestonefi@nsw.gov.au
Karlotte,Evered,keveredfj@auda.org.au
Aundrea,Franzman,afranzmanfk@columbia.edu
Inez,Godlip,igodlipfl@shinystat.com
Carma,Cantua,ccantuafm@cbsnews.com
Feodora,MacVay,fmacvayfn@usa.gov
Dolores,Essex,dessexfo@walmart.com
Athena,Freer,afreerfp@ed.gov
Cyb,Dany,cdanyfq@bing.com
Kirbie,Faircliff,kfairclifffr@stanford.edu
Mag,Delgaty,mdelgatyfs@icio.us
Barbara,Dyas,bdyasft@domainmarket.com
Dena,Leaman,dleamanfu@cbsnews.com
Etti,Ammer,eammerfv@who.int
Rianon,Sandaver,rsandaverfw@facebook.com
Oralla,Welden,oweldenfx@exblog.jp
Edwina,Hawke,ehawkefy@mlb.com
Lizzy,Worling,lworlingfz@cmu.edu
Nollie,Berndtssen,nberndtsseng0@irs.gov
Tobi,Georgescu,tgeorgescug1@storify.com
Kare,Gumary,kgumaryg2@weebly.com
Bernelle,Flexman,bflexmang3@huffingtonpost.com
Kelly,Anfosso,kanfossog4@accuweather.com
Joella,Hellwing,jhellwingg5@mapquest.com
Dulciana,Killingback,dkillingbackg6@virginia.edu
Marthe,Fitkin,mfitking7@facebook.com
Gretel,Foley,gfoleyg8@uiuc.edu
Jade,Treversh,jtrevershg9@irs.gov
Cara,Goulbourne,cgoulbournega@angelfire.com
Alicia,Bannester,abannestergb@cnn.com
Jorie,Waslin,jwaslingc@bloglovin.com
Atlante,Beszant,abeszantgd@wsj.com
Traci,Gianolini,tgianolinige@blog.com
Leticia,Flacknoe,lflacknoegf@prnewswire.com
Ariana,State,astategg@mac.com
Linnea,Rubinek,lrubinekgh@springer.com
Loren,Goodered,lgooderedgi@joomla.org
Katy,Hounson,khounsongj@mozilla.com
Jacki,Haggith,jhaggithgk@ocn.ne.jp
Lorne,Gildea,lgildeagl@unc.edu
Ronna,Milstead,rmilsteadgm@blogger.com
Paulie,McGonigal,pmcgonigalgn@kickstarter.com
Anne-marie,Thurborn,athurborngo@jiathis.com
Bettina,Sefton,bseftongp@washington.edu
Olly,Sheward,oshewardgq@google.fr
Madeline,Housiaux,mhousiauxgr@issuu.com
Binni,Huckett,bhuckettgs@artisteer.com
Roxanna,Sember,rsembergt@squidoo.com
Shir,Toupe,stoupegu@is.gd
Glenine,Hundall,ghundallgv@loc.gov
La verne,Guthrie,lguthriegw@macromedia.com
Raina,Zukierman,rzukiermangx@blog.com
Betteanne,Caltera,bcalteragy@washingtonpost.com
Berthe,Huitt,bhuittgz@imageshack.us
Jyoti,Severns,jsevernsh0@sciencedaily.com
Dasya,Fero,dferoh1@1und1.de
Arabelle,Assard,aassardh2@hugedomains.com
Moina,Jefford,mjeffordh3@ftc.gov
Samaria,Schoenrock,sschoenrockh4@samsung.com
Talia,Chinn,tchinnh5@bluehost.com
Hedda,Serraillier,
Kelila,Carlisi,kcarlisih7@feedburner.com
Chelsea,Daughton,cdaughtonh8@answers.com
Drusie,Gummie,dgummieh9@nps.gov
Margalo,Bickley,mbickleyha@ibm.com
Vivyan,Goudard,vgoudardhb@a8.net
Doroteya,Magauran,dmagauranhc@hp.com
Mignonne,Fumagall,mfumagallhd@businesswire.com
Anna-diane,Flintoffe,aflintoffehe@miitbeian.gov.cn
Tomasina,Meadmore,tmeadmorehf@who.int
Gert,De Ortega,gdeortegahg@businesswire.com
Hyacinth,Blanking,hblankinghh@edublogs.org
Olivette,Seven,
Pammie,Hamfleet,phamfleethj@epa.gov
Kippy,Binham,kbinhamhk@meetup.com
Eliza,Seers,eseershl@360.cn
Elita,Lidgertwood,elidgertwoodhm@usa.gov
Maria,Doohey,mdooheyhn@marketwatch.com
Neilla,Tilson,ntilsonho@cloudflare.com
Elfreda,Clethro,eclethrohp@livejournal.com
Elfie,Montfort,emontforthq@gmpg.org
Jewell,Nannoni,jnannonihr@purevolume.com
Calli,Pudden,cpuddenhs@marketwatch.com
Liane,Wattingham,lwattinghamht@meetup.com
Chicky,Kenney,ckenneyhu@guardian.co.uk
Alecia,Grievson,agrievsonhv@ted.com
Clementia,Marriott,cmarriotthw@pcworld.com
Corny,Probart,cprobarthx@clickbank.net
Margo,Drowsfield,mdrowsfieldhy@1688.com
Deedee,Bloxland,dbloxlandhz@tripadvisor.com
Michel,Ledgerton,mledgertoni0@salon.com
Bertie,Ogborn,bogborni1@ameblo.jp
Lulita,Sidlow,lsidlowi2@over-blog.com
Kimmi,Sarsfield,ksarsfieldi3@addtoany.com
Angil,Georgot,ageorgoti4@jugem.jp
Julina,Sacase,jsacasei5@acquirethisname.com
Deny,Darlow,ddarlowi6@guardian.co.uk
Shaylyn,Aspden,saspdeni7@salon.com
Zuzana,Debenham,zdebenhami8@cdbaby.com
Alix,Hadingham,ahadinghami9@mozilla.org
Flossy,Wawer,fwaweria@seesaa.net
Hanny,Strafen,hstrafenib@nytimes.com
Kristyn,Sambrook,
Natty,O'Connel,noconnelid@apple.com
Valene,Arman,varmanie@fotki.com
Arabele,Iban,aibanif@thetimes.co.uk
Annis,Kellard,akellardig@hugedomains.com
Evvie,Jachimczak,ejachimczakih@ox.ac.uk
Theadora,Chaff,tchaffii@bloglines.com
Daffie,McKea,dmckeaij@creativecommons.org
Brynna,Frangello,bfrangelloik@exblog.jp
Brittan,Nation,bnationil@pagesperso-orange.fr
Petronille,Du Fray,pdufrayim@acquirethisname.com
Else,Forker,eforkerin@people.com.cn
Tally,Warbrick,twarbrickio@boston.com
Harrietta,Osmar,hosmarip@wikia.com
Willi,Fantin,wfantiniq@mediafire.com
Susanne,Wakelin,swakelinir@independent.co.uk
Eleonore,Playford,eplayfordis@mit.edu
Averil,Caves,acavesit@nhs.uk
Leonore,Poschel,lposcheliu@usa.gov
Athena,Nunnery,anunneryiv@jimdo.com
Benedicta,Wellbelove,bwellbeloveiw@china.com.cn
Johnette,Fincham,jfinchamix@netlog.com
Shoshana,Ilchuk,silchukiy@stumbleupon.com
Lissy,Crips,lcripsiz@ibm.com
Fina,Schimmang,fschimmangj0@moonfruit.com
Wenda,Landrean,wlandreanj1@narod.ru
Livvy,Thomke,lthomkej2@blogspot.com
Raquel,Isaksson,risakssonj3@yandex.ru
Andriana,Alabone,aalabonej4@nba.com
Aime,McCalum,amccalumj5@shinystat.com
Candis,Necolds,cnecoldsj6@cnn.com
Cacilie,Tefft,ctefftj7@wikipedia.org
Ronna,Peatt,rpeattj8@usatoday.com
Tamra,McElrath,tmcelrathj9@bbc.co.uk
Milzie,Tace,mtaceja@mac.com
Deana,Gatty,dgattyjb@slate.com
Tisha,Brownett,tbrownettjc@lulu.com
Genvieve,Neasham,gneashamjd@ifeng.com
Eleen,Padbery,epadberyje@yahoo.co.jp
Joline,Hallyburton,jhallyburtonjf@simplemachines.org
Kacey,Gerald,kgeraldjg@chron.com
Glen,Knevet,gknevetjh@drupal.org
Kirstyn,Pill,kpillji@imgur.com
Gerrilee,Delmonti,gdelmontijj@hud.gov
Wynne,Bagg,wbaggjk@wordpress.org
Ester,St. Ledger,estledgerjl@usgs.gov
Glenda,Harmar,gharmarjm@odnoklassniki.ru
Natasha,Lorente,nlorentejn@wikia.com
Madalyn,Lukas,mlukasjo@foxnews.com
Ophelie,Hoofe,ohoofejp@devhub.com
Kitti,Oneile,koneilejq@google.com.au
Maryrose,Sabban,msabbanjr@wufoo.com
Merissa,Pottle,mpottlejs@cbslocal.com
Sybille,Maystone,smaystonejt@indiatimes.com
Frankie,Bottrill,fbottrillju@wikispaces.com
Felicity,Matyushenko,fmatyushenkojv@hugedomains.com
Florry,Arnowicz,farnowiczjw@shutterfly.com
Marena,Vassman,mvassmanjx@tripadvisor.com
Maude,Folomin,mfolominjy@sciencedirect.com
Bernetta,Dowall,bdowalljz@mysql.com
Elspeth,Videler,evidelerk0@wikispaces.com
Happy,Roath,hroathk1@netscape.com
Zita,Salvage,zsalvagek2@typepad.com
Adara,Teliga,ateligak3@artisteer.com
Codie,Kingston,ckingstonk4@myspace.com
Aurelie,Whitmore,awhitmorek5@oracle.com
Rochell,Gerbel,rgerbelk6@mysql.com
Janene,Couve,jcouvek7@ning.com
Eleonora,Brearley,ebrearleyk8@netscape.com
Lucita,Erskine Sandys,lerskinesandysk9@clickbank.net
Dorita,Brunini,dbruninika@ehow.com
Katusha,Livingstone,klivingstonekb@about.com
Elka,Boole,eboolekc@pcworld.com
Dahlia,Benardette,dbenardettekd@businesswire.com
Deborah,Laidlow,dlaidlowke@mashable.com
Loraine,Partleton,lpartletonkf@rediff.com
Camille,Grocott,cgrocottkg@irs.gov
Angel,Bloodworthe,abloodworthekh@hud.gov
Wilow,Paybody,wpaybodyki@mashable.com
Issie,O'Geneay,iogeneaykj@digg.com
Brooks,Highnam,bhighnamkk@sogou.com
Lisette,Vaillant,lvaillantkl@example.com
Heddi,Reidie,hreidiekm@4shared.com
Pauli,Crowcum,pcrowcumkn@mapy.cz
Rosetta,Riddock,rriddockko@qq.com
Jasmine,Mara,jmarakp@blogtalkradio.com
Persis,Woolmore,pwoolmorekq@icio.us
Ruthie,Escreet,rescreetkr@disqus.com
Cicily,Cornfield,ccornfieldks@shop-pro.jp
Felicle,Brekonridge,fbrekonridgekt@yelp.com
Imojean,Thireau,ithireauku@xinhuanet.com
Gavra,Brislan,gbrislankv@tiny.cc
Meredith,Phuprate,mphupratekw@omniture.com
Avivah,Kidds,akiddskx@friendfeed.com
Benedikta,MacBrearty,bmacbreartyky@unblog.fr
Saba,Kaemena,skaemenakz@plala.or.jp
Valina,Goodbourn,vgoodbournl0@yale.edu
Annalise,Duquesnay,aduquesnayl1@blog.com
Constancia,Mazzilli,cmazzillil2@wired.com
Rasla,Style,rstylel3@networkadvertising.org
Kacy,Kemmett,kkemmettl4@chron.com
Eilis,Gerrit,egerritl5@epa.gov
Kacey,Castree,kcastreel6@dmoz.org
Flor,Matthias,fmatthiasl7@photobucket.com
Ted,Oliphand,toliphandl8@about.me
Shandra,Aumerle,saumerlel9@domainmarket.com
Margeaux,Grzesiewicz,mgrzesiewiczla@businessweek.com
Adelle,Jodlowski,ajodlowskilb@a8.net
Mia,Brailey,mbraileylc@nhs.uk
Dionis,Coxen,dcoxenld@hubpages.com
Winnie,Basnett,wbasnettle@ezinearticles.com
Leanora,Harriskine,lharriskinelf@wisc.edu
Serena,Ricoald,sricoaldlg@github.com
Noella,Olivey,noliveylh@theguardian.com
Audrie,von Nassau,avonnassauli@cam.ac.uk
Winona,Avrahamian,wavrahamianlj@twitpic.com
Imelda,Whittlesey,iwhittleseylk@discuz.net
Heddie,Pontefract,hpontefractll@globo.com
Adelice,MacTrustram,amactrustramlm@bandcamp.com
Gwenette,Plampeyn,gplampeynln@thetimes.co.uk
Alanah,Schreiner,aschreinerlo@ucsd.edu
Sianna,Burrus,sburruslp@npr.org
Chere,Simony,csimonylq@nifty.com
Ricca,O'Hern,rohernlr@go.com
Tybie,Cruttenden,tcruttendenls@globo.com
Bethina,Blint,bblintlt@discovery.com
Chastity,Frankham,cfrankhamlu@oaic.gov.au
Cheri,Hullett,chullettlv@baidu.com
Livvie,Craiker,lcraikerlw@spiegel.de
Lanae,Basek,lbaseklx@dell.com
Cookie,Ivanchin,civanchinly@goo.gl
Nerissa,Gwinnel,ngwinnellz@geocities.com
Sibylle,Wignall,swignallm0@theatlantic.com
Ruby,Leates,rleatesm1@mtv.com
Norine,Urvoy,nurvoym2@foxnews.com
Estrellita,Steade,esteadem3@marketwatch.com
Tamma,Curado,tcuradom4@sun.com
Katy,Goroni,kgoronim5@engadget.com
Tara,Beche,tbechem6@163.com
Jordan,Tindley,jtindleym7@ucla.edu
Lucky,Obington,lobingtonm8@posterous.com
Ernesta,Pritty,eprittym9@cyberchimps.com
Mariele,MacArthur,mmacarthurma@soundcloud.com
Marcela,Egar,megarmb@sitemeter.com
Christina,Rowes,crowesmc@earthlink.net
Terri,Shadbolt,tshadboltmd@t-online.de
Brinna,Farren,bfarrenme@over-blog.com
Ashli,Harfleet,aharfleetmf@usda.gov
Allix,Kenforth,akenforthmg@plala.or.jp
Ambur,Vasilyevski,avasilyevskimh@pen.io
Tabina,Schiementz,tschiementzmi@mit.edu
Georgena,Rushman,grushmanmj@weibo.com
Donielle,Brede,dbredemk@squidoo.com
Goldi,Felderer,gfeldererml@deviantart.com
Carlene,Vollam,cvollammm@wix.com
Martynne,Beeston,mbeestonmn@reference.com
Mechelle,Camies,mcamiesmo@over-blog.com
Charita,Cristofalo,ccristofalomp@blog.com
Kial,Joyes,kjoyesmq@elegantthemes.com
Darell,Campey,dcampeymr@bizjournals.com
Matti,Gaiger,mgaigerms@illinois.edu
Moyra,Snow,msnowmt@people.com.cn
Marjorie,Aiston,maistonmu@bbc.co.uk
Marian,Sollas,msollasmv@quantcast.com
Greer,Ubsdale,gubsdalemw@bloomberg.com
Corette,Poyzer,cpoyzermx@creativecommons.org
Wren,Farryn,wfarrynmy@ibm.com
Maurene,Crawford,mcrawfordmz@zimbio.com
Joya,Harefoot,jharefootn0@utexas.edu
Deanna,Gulleford,dgullefordn1@unblog.fr
Lotta,Stanyland,lstanylandn2@wordpress.org
Valencia,Danzey,vdanzeyn3@imageshack.us
Helenka,Frudd,hfruddn4@google.nl
Amabel,Showte,ashowten5@disqus.com
Eirena,Mumford,emumfordn6@imdb.com
Jojo,Heinsen,jheinsenn7@msn.com
Shirl,Wolters,swoltersn8@omniture.com
Carry,Borzone,cborzonen9@cnet.com
Mandi,Spearing,mspearingna@technorati.com
Sarah,Paynter,spaynternb@ftc.gov
Florette,Moreside,fmoresidenc@exblog.jp
Doe,Mintoff,dmintoffnd@odnoklassniki.ru
Kirbie,Barbier,kbarbierne@mlb.com
Loree,Oldnall,loldnallnf@cdbaby.com
Miriam,McMeanma,mmcmeanmang@sakura.ne.jp
Jess,Shovelbottom,jshovelbottomnh@gnu.org
Lesya,Lukianov,llukianovni@edublogs.org
Cassondra,Dincey,cdinceynj@amazon.co.jp
Lucilia,McMurrugh,lmcmurrughnk@icio.us
Charyl,Ridsdell,cridsdellnl@exblog.jp
Nata,Gerraty,ngerratynm@wordpress.org
Dona,Paunton,dpauntonnn@altervista.org
Rickie,Tilsley,rtilsleyno@seattletimes.com
Lib,Roussel,lrousselnp@cisco.com
Jacklyn,Waples,jwaplesnq@upenn.edu
Bridgette,Wynrehame,bwynrehamenr@t.co
Tess,Doohey,tdooheyns@bizjournals.com
Verina,Emblen,vemblennt@irs.gov
Mignon,Folker,mfolkernu@nationalgeographic.com
Joelie,Fessler,jfesslernv@desdev.cn
Ketti,Briston,kbristonnw@senate.gov
Susy,Gliddon,sgliddonnx@twitpic.com
Shaylynn,Giral,sgiralny@jalbum.net
Olympia,Purdie,opurdienz@uol.com.br
Roanna,McPhelimy,rmcphelimyo0@uol.com.br
Marley,Ing,mingo1@youtube.com
Francyne,Ockenden,fockendeno2@bigcartel.com
Dania,Riggoll,driggollo3@histats.com
Carri,Bolzen,cbolzeno4@ed.gov
Emmi,Gumb,egumbo5@wsj.com
Roselia,Buske,rbuskeo6@prlog.org
Ardeen,Lill,alillo7@theglobeandmail.com
Caryn,Pohling,cpohlingo8@squidoo.com
Margaret,Euplate,meuplateo9@youtube.com
Della,Crossingham,dcrossinghamoa@flickr.com
Jodi,Payton,jpaytonob@intel.com
Klara,Bode,kbodeoc@privacy.gov.au
Emlyn,Toothill,etoothillod@joomla.org
Jeri,Vorley,jvorleyoe@canalblog.com
Ninon,Vallerine,nvallerineof@nature.com
Sonya,Greenig,sgreenigog@indiegogo.com
Hettie,Heaysman,hheaysmanoh@stanford.edu
Pamelina,Bawle,pbawleoi@tinyurl.com
Gert,Smithin,gsmithinoj@statcounter.com
Gweneth,Le Gassick,glegassickok@telegraph.co.uk
Britni,Tiernan,btiernanol@mapquest.com
Carmel,Guilloud,cguilloudom@photobucket.com
Jobey,Jirik,jjirikon@weather.com
Belicia,Webley,bwebleyoo@networksolutions.com
Franky,Toope,ftoopeop@scientificamerican.com
Charlene,De Stoop,cdestoopoq@eventbrite.com
Eada,Wilcockes,ewilcockesor@123-reg.co.uk
Sacha,Haig,shaigos@acquirethisname.com
Lucky,Hegg,lheggot@cbslocal.com
Ardeen,Sighart,asighartou@jalbum.net
Allegra,Jankiewicz,ajankiewiczov@friendfeed.com
Dorree,Lintott,dlintottow@1und1.de
Ileane,De la Perrelle,idelaperrelleox@nbcnews.com
Sarajane,Oldknow,soldknowoy@who.int
Ardyth,Cristol,
Piper,Foran,pforanp0@ibm.com
Margie,Tapper,mtapperp1@edublogs.org
Stephanie,Lemery,slemeryp2@mail.ru
Matilda,Moyse,mmoysep3@privacy.gov.au
Leesa,Littlejohns,llittlejohnsp4@myspace.com
Agatha,Fullegar,afullegarp5@unesco.org
Meredithe,Gockelen,mgockelenp6@archive.org
Corri,Labbez,clabbezp7@usa.gov
Margette,Kalinke,mkalinkep8@csmonitor.com
Cybill,Scoble,cscoblep9@washington.edu
Scarlet,Wolters,swolterspa@istockphoto.com
Kailey,Piggott,kpiggottpb@jiathis.com
Morgana,Belison,mbelisonpc@qq.com
Jacynth,Brotheridge,jbrotheridgepd@google.com.br
Cassaundra,Walthew,cwalthewpe@xing.com
Dreddy,Scottini,dscottinipf@mashable.com
Vanni,Caswall,vcaswallpg@weather.com
Hildagard,Goodhay,hgoodhayph@sphinn.com
Gilberta,McLaverty,gmclavertypi@weibo.com
Latrina,Vedyaev,lvedyaevpj@unc.edu
Agretha,Grieger,
Bird,Irvin,birvinpl@dropbox.com
Concettina,Birch,cbirchpm@joomla.org
Zandra,Monard,zmonardpn@nifty.com
Bertie,Batters,bbatterspo@ow.ly
Bev,Indge,bindgepp@instagram.com
Sophia,Micah,smicahpq@nifty.com
Lyn,Tucker,ltuckerpr@wordpress.org
Elly,Boorn,eboornps@washingtonpost.com
Selinda,Vella,svellapt@slashdot.org
Cacilia,Tomaello,ctomaellopu@house.gov
Tabatha,Crake,tcrakepv@webs.com
Rozina,Randalson,rrandalsonpw@economist.com
Elvera,MacFaul,emacfaulpx@goodreads.com
Malena,Burry,mburrypy@over-blog.com
Ciel,Manuel,cmanuelpz@naver.com
Margot,Larne,mlarneq0@instagram.com
Leann,Glavias,lglaviasq1@wikimedia.org
Amalle,Simeoni,asimeoniq2@nbcnews.com
Emmalyn,MacPake,emacpakeq3@addtoany.com
Colline,Roake,croakeq4@google.es
Sibbie,Stegel,sstegelq5@histats.com
Tarrah,Packer,tpackerq6@google.de
Krystyna,Blick,kblickq7@japanpost.jp
Dosi,Mation,dmationq8@blogs.com
Ruthi,Cancellor,rcancellorq9@delicious.com
Quintana,Roache,qroacheqa@pinterest.com
Livvie,Sansum,lsansumqb@friendfeed.com
Ondrea,Crennell,ocrennellqc@exblog.jp
Gaynor,Rothschild,grothschildqd@scientificamerican.com
Ailis,Macak,amacakqe@csmonitor.com
Bertine,Ginnaly,bginnalyqf@ted.com
Isabelita,Pawlick,ipawlickqg@state.tx.us
Dallas,Persicke,dpersickeqh@topsy.com
Janette,Glozman,jglozmanqi@hhs.gov
Florenza,Jacombs,fjacombsqj@elegantthemes.com
Hanna,Langstone,hlangstoneqk@printfriendly.com
Loria,Frosdick,lfrosdickql@eepurl.com
Opaline,Burdytt,oburdyttqm@scientificamerican.com
Honey,Lillecrap,hlillecrapqn@xinhuanet.com
Melitta,Osbourne,mosbourneqo@mashable.com
Kial,Janek,kjanekqp@mlb.com
Layla,Mence,lmenceqq@wikispaces.com
Roshelle,Beaconsall,rbeaconsallqr@go.com
Oralle,Ranaghan,oranaghanqs@nih.gov
Mimi,De Ferraris,mdeferrarisqt@webmd.com
Lexi,Charpling,lcharplingqu@dell.com
Fidelity,Tremain,ftremainqv@who.int
Laura,Earengey,learengeyqw@hp.com
Alma,Burcombe,aburcombeqx@vistaprint.com
Doro,Gillani,dgillaniqy@vimeo.com
Susanna,Durston,sdurstonqz@utexas.edu
Garland,Orwin,gorwinr0@netlog.com
Dody,Brosoli,dbrosolir1@hostgator.com
Daisi,Thornley,dthornleyr2@ftc.gov
Corinne,Gheorghe,cgheorgher3@tripadvisor.com
Jorrie,Hessle,jhessler4@wufoo.com
Nicoline,Harmer,nharmerr5@cyberchimps.com
Corny,Brimacombe,cbrimacomber6@bigcartel.com
Denny,Goodfellow,dgoodfellowr7@aboutads.info
Odelia,Midson,omidsonr8@usgs.gov
Sisile,McTeague,smcteaguer9@boston.com
Ariana,Santhouse,asanthousera@ocn.ne.jp
Maurine,Philps,mphilpsrb@google.ca
Tiffy,Laughrey,tlaughreyrc@furl.net
Neely,Braid,nbraidrd@dmoz.org
Stephana,Willan,swillanre@pagesperso-orange.fr
Ursula,Fieldsend,ufieldsendrf@etsy.com
Sarita,Largan,slarganrg@lycos.com
Brook,Heasly,bheaslyrh@icio.us
Matti,Ryhorovich,mryhorovichri@qq.com
Frankie,Goodridge,fgoodridgerj@issuu.com
Teresina,Tyre,ttyrerk@fda.gov
Jennica,Magog,jmagogrl@webs.com
Karlie,Smyley,ksmyleyrm@spiegel.de
Annis,Kimbell,akimbellrn@un.org
Kellen,Titchen,ktitchenro@ft.com
Alyce,Padginton,apadgintonrp@google.cn
Jilli,Allanson,jallansonrq@prweb.com
Gloriane,Morfett,gmorfettrr@tamu.edu
