first_name,last_name,email
Tynan,Ponde,tponde0@hc360.com
Robbert,Lansbury,rlansbury1@newsvine.com
Bill,Doulden,bdoulden2@cargocollective.com
Omero,Orthmann,oorthmann3@cdbaby.com
Rowland,Westlake,rwestlake4@un.org
Ansell,Loftin,aloftin5@berkeley.edu
Hunt,Calfe,hcalfe6@ucsd.edu
Chan,McKay,cmckay7@yandex.ru
Rowland,Winchurst,rwinchurst8@forbes.com
Bailie,Rushford,brushford9@foxnews.com
Geoff,Mallabar,gmallabara@bbb.org
Ellary,Culross,eculrossb@mapquest.com
Nikolaos,Driffe,ndriffec@phoca.cz
Bren,Offield,boffieldd@sun.com
Marcos,Domerque,mdomerquee@twitpic.com
Evered,Satyford,esatyfordf@amazon.co.uk
Bard,Thickin,bthicking@berkeley.edu
Morris,Filkin,mfilkinh@furl.net
Levin,McVitie,lmcvitiei@bbc.co.uk
Melvin,Grangier,mgrangierj@indiatimes.com
Hector,Althorpe,halthorpek@yahoo.com
Fremont,Purvess,fpurvessl@answers.com
Arvie,Lyburn,alyburnm@last.fm
Merv,Yvon,myvonn@bing.com
Cori,Schukert,cschukerto@vkontakte.ru
Erich,Maddrell,emaddrellp@naver.com
Ermin,Drewet,edrewetq@spotify.com
Bartram,Ashbee,bashbeer@freewebs.com
Wolf,Cuddy,wcuddys@netscape.com
Chicky,Vannoni,cvannonit@dedecms.com
Rudd,Bayldon,rbayldonu@va.gov
Carver,Pirnie,cpirniev@reference.com
Garrett,Balderson,gbaldersonw@google.it
Hansiain,Biggadyke,hbiggadykex@spotify.com
Nevile,Scurrey,nscurreyy@cocolog-nifty.com
Ozzie,Cran,ocranz@sohu.com
Leigh,Cullin,lcullin10@mit.edu
Franny,Thying,fthying11@de.vu
Cad,Crandon,ccrandon12@yale.edu
Brewer,Deering,bdeering13@sciencedaily.com
Zacharias,Ringham,zringham14@bloglovin.com
Hughie,Cussins,hcussins15@cisco.com
Wildon,Buddle,wbuddle16@diigo.com
Kiley,Knewstub,kknewstub17@reddit.com
Franklyn,Kapelhoff,fkapelhoff18@princeton.edu
Erwin,Deverille,edeverille19@baidu.com
Giacomo,Seifert,gseifert1a@tripadvisor.com
Herb,Clempton,hclempton1b@foxnews.com
Nickola,Pes,npes1c@slate.com
Dexter,Crick,
Quill,Keady,qkeady1e@statcounter.com
Moishe,Mollatt,mmollatt1f@wordpress.com
Fairfax,MacKenzie,fmackenzie1g@photobucket.com
Ravi,MacClinton,rmacclinton1h@blogtalkradio.com
Neron,Wooding,nwooding1i@latimes.com
Rodge,MacElholm,rmacelholm1j@blogtalkradio.com
Zebulen,Biaggetti,zbiaggetti1k@seattletimes.com
Baillie,Merlin,bmerlin1l@infoseek.co.jp
Reggis,Colton,rcolton1m@huffingtonpost.com
Antonius,Pounds,apounds1n@spiegel.de
Innis,Glew,iglew1o@fda.gov
Allistir,Dorn,adorn1p@gov.uk
Jorgan,Bramont,jbramont1q@ebay.co.uk
Filmore,Dallewater,fdallewater1r@amazonaws.com
Johnathon,Alwood,jalwood1s@cdbaby.com
Bevon,Mockett,bmockett1t@va.gov
Marvin,Lapping,mlapping1u@cnet.com
Tab,Ferrieroi,tferrieroi1v@cdc.gov
Leeland,Fairhead,lfairhead1w@webmd.com
Karl,Tock,ktock1x@liveinternet.ru
Eugenius,Heinssen,eheinssen1y@nasa.gov
Stephen,Hews,shews1z@examiner.com
Hayward,Hourihane,hhourihane20@chronoengine.com
Carrol,McIlwreath,cmcilwreath21@aol.com
Laurence,Hlavac,lhlavac22@dion.ne.jp
Slade,Morbey,smorbey23@businesswire.com
Kinnie,Aldersea,kaldersea24@netscape.com
Kerk,Semper,ksemper25@posterous.com
Roderigo,Tozer,rtozer26@sitemeter.com
Free,Vamplus,fvamplus27@twitter.com
Rufus,Hullett,rhullett28@ft.com
Hurlee,Gooms,hgooms29@irs.gov
Noah,Ghelardoni,nghelardoni2a@sitemeter.com
Tremain,Perillo,tperillo2b@thetimes.co.uk
Balduin,Medler,bmedler2c@hc360.com
Vaclav,Tydeman,vtydeman2d@jimdo.com
Yorke,Skuce,yskuce2e@army.mil
Roma,Treanor,rtreanor2f@archive.org
Stewart,Tidy,stidy2g@sakura.ne.jp
Nickie,Mattke,nmattke2h@dailymotion.com
Holmes,Lanfranconi,hlanfranconi2i@altervista.org
Kelvin,Grigorey,kgrigorey2j@rakuten.co.jp
Galen,McTrustam,gmctrustam2k@hc360.com
Rafaellle,Baudinet,rbaudinet2l@merriam-webster.com
Lewie,Peegrem,lpeegrem2m@samsung.com
Ephraim,Torrie,etorrie2n@nyu.edu
Paolo,Wildish,pwildish2o@tripadvisor.com
Noby,Badder,nbadder2p@moonfruit.com
Humfrey,Northey,hnorthey2q@apache.org
Udell,Knatt,uknatt2r@friendfeed.com
Nolan,Esilmon,nesilmon2s@4shared.com
Nealy,Rubinshtein,nrubinshtein2t@weebly.com
Reinald,Newsham,rnewsham2u@nih.gov
Neall,Domoney,ndomoney2v@biglobe.ne.jp
Temp,Chamberlain,tchamberlain2w@blog.com
Ellary,Dorracott,edorracott2x@ovh.net
Yulma,Cranefield,ycranefield2y@live.com
Lukas,Yoselevitch,lyoselevitch2z@skype.com
Dukie,Yurikov,
Ewen,Delouch,edelouch31@cbslocal.com
Lawrence,Cunniff,lcunniff32@arizona.edu
Casper,Southard,csouthard33@goodreads.com
Abram,Bonds,abonds34@tmall.com
Cullan,Asling,casling35@deviantart.com
Marc,Blackaller,mblackaller36@zdnet.com
Dael,Vicarey,dvicarey37@ning.com
Luce,Glassup,lglassup38@va.gov
Beniamino,Piell,bpiell39@dailymotion.com
Reynolds,Kyd,rkyd3a@fastcompany.com
Herbert,Esser,hesser3b@paypal.com
Stevy,Burgess,sburgess3c@i2i.jp
Tony,Crunkhurn,tcrunkhurn3d@wikipedia.org
Garret,Edgson,gedgson3e@hostgator.com
Tulley,Sherred,tsherred3f@whitehouse.gov
Vale,McDuall,vmcduall3g@reddit.com
Jermain,Morrallee,jmorrallee3h@unicef.org
Bran,Syms,bsyms3i@theglobeandmail.com
Tore,Outridge,toutridge3j@1688.com
Kippar,Arnaudot,karnaudot3k@nps.gov
Carson,Nann,cnann3l@wikimedia.org
Abeu,Clougher,aclougher3m@over-blog.com
Lindy,Spatig,lspatig3n@g.co
Maxy,Mounsie,mmounsie3o@cam.ac.uk
Conrado,Wadham,cwadham3p@cisco.com
Clare,Bonny,cbonny3q@admin.ch
Barnett,Glidden,bglidden3r@admin.ch
Tait,Sansun,tsansun3s@arstechnica.com
Giacopo,Spenley,gspenley3t@webs.com
Giacobo,Hollingsbee,ghollingsbee3u@drupal.org
Maury,Dagon,mdagon3v@xing.com
Moore,Langtree,mlangtree3w@lycos.com
Bertram,Markos,bmarkos3x@yahoo.co.jp
Hanson,Gradwell,hgradwell3y@accuweather.com
Lazar,Noddings,lnoddings3z@barnesandnoble.com
Ase,Dax,adax40@nps.gov
Alf,Levison,alevison41@goodreads.com
Wyatt,Ewing,wewing42@vimeo.com
Thor,Floyde,tfloyde43@imgur.com
Darby,Parmley,dparmley44@google.it
Egbert,Goeff,egoeff45@si.edu
Donnie,Crysell,dcrysell46@bbb.org
Grover,Le Barre,glebarre47@vk.com
Cyril,Minichillo,cminichillo48@1688.com
Art,Trimnell,atrimnell49@alexa.com
Bryan,Novik,bnovik4a@people.com.cn
Hieronymus,Winslet,hwinslet4b@delicious.com
Jodie,Jahnke,jjahnke4c@google.ru
Jard,Raoux,jraoux4d@google.es
Kennith,Blazi,kblazi4e@usgs.gov
Ignacius,Joinson,ijoinson4f@dot.gov
Findlay,Crassweller,fcrassweller4g@delicious.com
Gregoor,Jeffers,gjeffers4h@nature.com
Franky,Wims,fwims4i@symantec.com
Val,Realph,vrealph4j@acquirethisname.com
Kerwinn,Ornils,kornils4k@google.nl
Pepito,Darey,pdarey4l@princeton.edu
Svend,Inkster,sinkster4m@narod.ru
Jeremie,Albrooke,jalbrooke4n@wisc.edu
Brennen,Imlaw,bimlaw4o@sun.com
Hector,Feak,hfeak4p@noaa.gov
Ernest,Bilfoot,ebilfoot4q@jugem.jp
Budd,McSkin,bmcskin4r@typepad.com
Gregor,Smout,gsmout4s@feedburner.com
Ebenezer,Fuente,efuente4t@cisco.com
Julian,Mullin,
Hale,Knutsen,hknutsen4v@blogspot.com
Nil,Mulleary,nmulleary4w@taobao.com
Dane,Clerc,dclerc4x@soup.io
Chas,McSporon,cmcsporon4y@mayoclinic.com
Stanislaus,O'Hartnett,sohartnett4z@163.com
Parke,Yeardsley,pyeardsley50@umich.edu
Cary,Martensen,cmartensen51@mit.edu
Mikael,Jeacocke,mjeacocke52@nsw.gov.au
Giselbert,Anthon,ganthon53@163.com
Kelwin,Bifield,kbifield54@washington.edu
Marvin,Edgeller,medgeller55@techcrunch.com
Sampson,Fearenside,sfearenside56@ed.gov
Sayers,Skelcher,sskelcher57@redcross.org
Symon,Trobey,strobey58@clickbank.net
Galven,Havock,ghavock59@home.pl
Quent,Philbrook,qphilbrook5a@psu.edu
Marcello,Salvador,msalvador5b@ted.com
Bent,Fenix,bfenix5c@meetup.com
Ernie,Valero,evalero5d@rediff.com
Marietta,Mound,mmound5e@java.com
Perceval,Skupinski,pskupinski5f@weibo.com
Sumner,Nurse,snurse5g@so-net.ne.jp
Meade,Fateley,
Archibaldo,Tellwright,atellwright5i@shop-pro.jp
Denys,McGready,dmcgready5j@sciencedirect.com
Mack,Sprason,msprason5k@businesswire.com
Guglielmo,Frankling,gfrankling5l@google.es
Tabbie,Ridesdale,tridesdale5m@bbc.co.uk
Dennet,Cadamy,dcadamy5n@list-manage.com
Dallas,Doddridge,ddoddridge5o@columbia.edu
Dunn,Deveraux,ddeveraux5p@etsy.com
Gabbie,Myhill,gmyhill5q@digg.com
Conney,Rudwell,crudwell5r@google.ca
Kienan,Mathieu,kmathieu5s@etsy.com
Giordano,Farryann,gfarryann5t@t.co
Prent,Cobbing,pcobbing5u@senate.gov
Simone,De Freyne,sdefreyne5v@prnewswire.com
Dwayne,Jacquemet,djacquemet5w@joomla.org
Bernie,McGeaney,bmcgeaney5x@shinystat.com
Kenon,Dowdeswell,kdowdeswell5y@elpais.com
Perice,Binding,pbinding5z@histats.com
Trumaine,O'Longain,tolongain60@ucla.edu
Cal,Skipton,cskipton61@harvard.edu
Kevon,Calltone,kcalltone62@miibeian.gov.cn
Chico,Ribbon,cribbon63@bbb.org
Pasquale,Cockson,pcockson64@php.net
Gaspard,Mulliss,gmulliss65@altervista.org
Rowan,Goold,rgoold66@newyorker.com
Link,Churchin,lchurchin67@free.fr
Vasili,Vayne,vvayne68@g.co
Bradley,Avrahamian,bavrahamian69@sourceforge.net
Rich,Baldrick,rbaldrick6a@artisteer.com
Derron,Dingwall,ddingwall6b@timesonline.co.uk
Rusty,Daintier,rdaintier6c@homestead.com
Gunar,Karczinski,gkarczinski6d@lycos.com
Aluino,Kirsop,akirsop6e@shareasale.com
Angelico,Imloch,aimloch6f@walmart.com
Granthem,Candlin,gcandlin6g@columbia.edu
Eward,Salmons,esalmons6h@elpais.com
Carlie,Godehard.sf,cgodehardsf6i@myspace.com
Rurik,Brugsma,rbrugsma6j@springer.com
Asa,Southan,asouthan6k@icq.com
Sholom,Luciano,sluciano6l@reddit.com
Yorgos,Pennigar,ypennigar6m@sbwire.com
Fredek,Schnieder,fschnieder6n@epa.gov
Holt,Bentham3,hbentham6o@nifty.com
Aron,Reneke,areneke6p@google.ca
Amery,Agius,aagius6q@goo.ne.jp
Regen,Crissil,rcrissil6r@mapy.cz
Prentiss,Jurczik,pjurczik6s@themeforest.net
Arley,Weakley,aweakley6t@dropbox.com
Ira,Ravilus,iravilus6u@ca.gov
Godard,Dwerryhouse,gdwerryhouse6v@state.gov
Zebedee,Peachment,zpeachment6w@hatena.ne.jp
Gaven,Kirckman,gkirckman6x@wufoo.com
Jud,Breadon,jbreadon6y@bluehost.com
Les,Boykett,lboykett6z@forbes.com
Daren,Skyrm,dskyrm70@ning.com
Leif,Stoter,lstoter71@wsj.com
Nicolas,Whittingham,nwhittingham72@tuttocitta.it
Josh,Lenglet,jlenglet73@domainmarket.com
Jess,Abels,jabels74@wp.com
Howey,Pawsey,hpawsey75@dyndns.org
Andras,Jozwik,ajozwik76@mashable.com
Khalil,Laflin,klaflin77@mashable.com
Even,Echallie,eechallie78@irs.gov
Hadlee,Maulden,hmaulden79@icq.com
Stavros,Abernethy,sabernethy7a@wp.com
Kerk,Belmont,kbelmont7b@xrea.com
Clevie,Seeger,cseeger7c@addtoany.com
Darby,Venn,dvenn7d@pcworld.com
Burnaby,Girardez,bgirardez7e@slideshare.net
Nickolaus,MacAndrew,
Rube,Cook,rcook7g@hao123.com
Tammy,Pixton,tpixton7h@addtoany.com
Isac,Melladew,imelladew7i@fema.gov
Adolphus,Giraudoux,agiraudoux7j@forbes.com
Lennard,Covotti,lcovotti7k@google.co.uk
Zack,Crosi,zcrosi7l@jugem.jp
Malchy,Brownlie,mbrownlie7m@tinypic.com
Emanuele,Meaders,emeaders7n@pcworld.com
Killy,Coggen,kcoggen7o@admin.ch
Kort,Bills,kbills7p@mozilla.com
Gene,Klimushev,gklimushev7q@arstechnica.com
Ray,Blease,rblease7r@biglobe.ne.jp
Penny,Farrans,pfarrans7s@dell.com
Allistir,McNaught,amcnaught7t@flickr.com
Der,Gabriel,dgabriel7u@pinterest.com
Monty,Sorrie,msorrie7v@home.pl
Zerk,Windley,zwindley7w@cmu.edu
Hartley,Weedall,hweedall7x@slideshare.net
Constantin,Matanin,cmatanin7y@tripadvisor.com
Francklin,Kersaw,fkersaw7z@ibm.com
Woodie,Ruecastle,wruecastle80@ustream.tv
Ariel,Glascott,aglascott81@vinaora.com
Yorker,Harlick,yharlick82@state.tx.us
Gregorius,Noad,gnoad83@discovery.com
Rowan,Poat,rpoat84@jiathis.com
Dalston,Biggerstaff,dbiggerstaff85@newyorker.com
Monroe,Le Surf,mlesurf86@shutterfly.com
Alexandr,Grzelczyk,agrzelczyk87@icio.us
Elmo,Guyon,eguyon88@woothemes.com
Jaye,Shellsheere,jshellsheere89@mtv.com
Oliviero,Spoole,ospoole8a@cnet.com
Alden,Sickamore,asickamore8b@geocities.com
Hyatt,Fice,hfice8c@fotki.com
Zak,Leverage,zleverage8d@dmoz.org
Hillard,Tzarkov,htzarkov8e@behance.net
Bengt,Bever,bbever8f@admin.ch
Rick,Daverin,rdaverin8g@bandcamp.com
Sheff,Darragon,sdarragon8h@technorati.com
Edward,Sybry,esybry8i@hostgator.com
Karl,Yegoshin,kyegoshin8j@mayoclinic.com
Riley,Scimone,rscimone8k@goo.gl
Gage,Correa,gcorrea8l@who.int
Durward,Neary,dneary8m@nydailynews.com
Vaclav,Maulkin,vmaulkin8n@yahoo.com
Ransom,Diviny,rdiviny8o@amazon.co.jp
Aldrich,Duchart,aduchart8p@earthlink.net
Hersh,Cubuzzi,hcubuzzi8q@moonfruit.com
Avram,Reape,areape8r@cloudflare.com
Axe,Byne,abyne8s@pbs.org
Brion,Trafford,btrafford8t@techcrunch.com
Forbes,Beavis,fbeavis8u@purevolume.com
Tucker,Jollie,tjollie8v@hatena.ne.jp
Chrisse,Briscoe,cbriscoe8w@slashdot.org
Erin,Swaite,eswaite8x@stumbleupon.com
Johannes,Ridehalgh,jridehalgh8y@bloglines.com
Pinchas,Deabill,pdeabill8z@economist.com
Teodor,Orvis,torvis90@cpanel.net
Broddy,Sodor,bsodor91@flavors.me
Madison,Roxburgh,mroxburgh92@state.gov
Hercule,Keedwell,hkeedwell93@loc.gov
Terrence,Paterno,tpaterno94@simplemachines.org
Ernestus,Weatherhogg,eweatherhogg95@cnn.com
Penny,Southway,
Chancey,Wiggett,cwiggett97@twitpic.com
Curt,Raithbie,craithbie98@tinypic.com
Frasier,Romain,fromain99@list-manage.com
Baxter,Curnow,bcurnow9a@theglobeandmail.com
Sloan,Kiely,skiely9b@google.it
Ambrose,Kenaway,akenaway9c@pinterest.com
Bernhard,Pateman,bpateman9d@webnode.com
Brandon,Doman,bdoman9e@cbc.ca
Sauncho,Stockdale,sstockdale9f@shutterfly.com
Giacomo,McFarlan,gmcfarlan9g@forbes.com
Rutledge,Linfitt,rlinfitt9h@wp.com
Stanislaw,Aubrey,saubrey9i@ucoz.ru
Claiborn,Lawly,clawly9j@bluehost.com
Dominik,Chitty,dchitty9k@hatena.ne.jp
Saul,Oxlee,soxlee9l@hostgator.com
Jammal,Crowley,jcrowley9m@harvard.edu
Granthem,Tresise,gtresise9n@woothemes.com
Dominik,Wellstood,dwellstood9o@51.la
Stephen,Sayers,ssayers9p@ox.ac.uk
Myca,Meaney,mmeaney9q@yellowbook.com
Esme,Gladwell,egladwell9r@constantcontact.com
Orazio,Chatburn,
Sig,Bacchus,sbacchus9t@tinyurl.com
North,Llewhellin,nllewhellin9u@creativecommons.org
Jason,Hounson,jhounson9v@plala.or.jp
Arvin,Boncoeur,aboncoeur9w@deliciousdays.com
Ty,Winsborrow,twinsborrow9x@house.gov
Conn,Kach,ckach9y@vimeo.com
Baxie,Haversum,bhaversum9z@shareasale.com
Arvie,Vink,avinka0@nydailynews.com
Robb,Hadgkiss,rhadgkissa1@prlog.org
Myer,Scoyne,mscoynea2@storify.com
Wilfrid,Kynman,
Gaven,Anthoney,ganthoneya4@smugmug.com
Randall,Fitter,rfittera5@drupal.org
Spencer,Terrell,sterrella6@weebly.com
Mandel,Kiwitz,mkiwitza7@nih.gov
Rubin,Scurr,rscurra8@typepad.com
Gorden,Jaffa,gjaffaa9@mapy.cz
Jeramey,Domegan,jdomeganaa@last.fm
Niels,Powys,npowysab@globo.com
Christian,Still,cstillac@va.gov
Garik,Deshorts,gdeshortsad@weibo.com
Mead,Rashleigh,mrashleighae@ifeng.com
Kalle,Charlwood,kcharlwoodaf@studiopress.com
Julius,Myers,jmyersag@163.com
Kingsley,Dowtry,kdowtryah@google.nl
Stanislas,Demongeot,sdemongeotai@indiegogo.com
Nichole,Polk,npolkaj@livejournal.com
Carter,Lytlle,clytlleak@cnn.com
Terri,Sagerson,tsagersonal@europa.eu
Kristofor,Wakerley,kwakerleyam@google.ca
Currie,Zaple,czaplean@pbs.org
Mathias,Stoak,mstoakao@yandex.ru
Dilly,Fullylove,dfullyloveap@technorati.com
Benoit,Edensor,bedensoraq@wsj.com
Algernon,Wadhams,awadhamsar@wisc.edu
Kiley,Tollerton,ktollertonas@jigsy.com
Packston,Side,
Kaiser,Normanvill,knormanvillau@prnewswire.com
Ethan,Ungerechts,eungerechtsav@creativecommons.org
Zolly,Flinders,zflindersaw@behance.net
Shay,Duval,sduvalax@sogou.com
Ives,Roselli,iroselliay@myspace.com
Augusto,Surgenor,asurgenoraz@instagram.com
Edsel,Maffey,emaffeyb0@wikia.com
Louie,de Keep,ldekeepb1@squarespace.com
Raddy,Lidster,rlidsterb2@boston.com
Noll,Leese,nleeseb3@accuweather.com
Clyde,Kadwallider,ckadwalliderb4@mtv.com
Rockwell,Cubley,rcubleyb5@businesswire.com
Thaine,Tamburo,ttamburob6@phoca.cz
Brendon,Goosnell,bgoosnellb7@acquirethisname.com
Ruy,Brashaw,rbrashawb8@baidu.com
Kelly,Hortop,khortopb9@home.pl
Zechariah,Palombi,zpalombiba@wikimedia.org
Fax,Galway,fgalwaybb@xing.com
Glen,Strevens,gstrevensbc@indiatimes.com
Emmott,Currum,ecurrumbd@craigslist.org
Ebeneser,Simonot,esimonotbe@imgur.com
Seward,Godehard.sf,sgodehardsfbf@mapquest.com
Efren,Attwooll,eattwoollbg@gnu.org
Earl,Lundy,elundybh@amazonaws.com
Shalom,Slateford,sslatefordbi@yale.edu
Griz,Copnar,gcopnarbj@merriam-webster.com
Pierce,Feathersby,pfeathersbybk@plala.or.jp
Eustace,Dybald,edybaldbl@unc.edu
Basile,Whimper,bwhimperbm@booking.com
Gavan,Gurling,ggurlingbn@latimes.com
Thedrick,Chamley,tchamleybo@storify.com
Waylon,Driffield,wdriffieldbp@bandcamp.com
Chariot,Skillern,cskillernbq@ted.com
Ugo,Potier,upotierbr@gov.uk
Aubert,Beesley,abeesleybs@huffingtonpost.com
Shannon,Jakubczyk,sjakubczykbt@squidoo.com
Brooks,Burkwood,bburkwoodbu@tiny.cc
Keven,Gravells,kgravellsbv@bizjournals.com
Braden,Menilove,bmenilovebw@amazonaws.com
Demetre,Tattersfield,dtattersfieldbx@usatoday.com
Marlow,Pike,mpikeby@trellian.com
Berkie,Curm,bcurmbz@parallels.com
Whitman,Freeburn,wfreeburnc0@1688.com
Montgomery,Sentinella,msentinellac1@plala.or.jp
Buddie,Ulrik,
Zolly,Rash,zrashc3@desdev.cn
Cully,Bahde,cbahdec4@yellowbook.com
Kingsly,Oakton,koaktonc5@ycombinator.com
Bear,Asple,basplec6@blinklist.com
Warren,Trengove,wtrengovec7@jigsy.com
Fowler,Lusher,flusherc8@arizona.edu
Cole,Suero,csueroc9@1688.com
Creigh,Duffit,cduffitca@abc.net.au
Raddy,Balharrie,rbalharriecb@unc.edu
Thatch,Juliff,tjuliffcc@sbwire.com
Sigmund,Mustarde,smustardecd@simplemachines.org
Sigfrid,Peddel,speddelce@vinaora.com
Duffie,Pindred,dpindredcf@joomla.org
Harvey,Meineck,hmeineckcg@arstechnica.com
Bruce,Jury,bjurych@facebook.com
Osbourne,Kelleher,okelleherci@a8.net
Dolf,Cutford,dcutfordcj@dmoz.org
Claudian,Domenc,cdomencck@wikimedia.org
Jeffie,Cambridge,jcambridgecl@blogs.com
Alano,Lowten,alowtencm@engadget.com
Hirsch,Hambleton,hhambletoncn@about.me
Ambrosius,O' Hogan,aohoganco@dyndns.org
Jarad,Durgan,jdurgancp@squidoo.com
Timotheus,Beaney,tbeaneycq@photobucket.com
Redford,Figge,rfiggecr@businessweek.com
Wade,Yakunin,wyakunincs@google.com.au
Jeffy,Awcoate,jawcoatect@deliciousdays.com
Roi,Cosgriff,rcosgriffcu@census.gov
Bail,Kynd,bkyndcv@tumblr.com
Panchito,Warr,pwarrcw@microsoft.com
Terrell,Yetman,tyetmancx@fda.gov
Randal,Phin,
Ransom,Vreede,rvreedecz@nasa.gov
Kris,Constant,kconstantd0@gnu.org
Augie,Simmance,asimmanced1@goo.gl
Skell,Cromblehome,scromblehomed2@hugedomains.com
Weidar,Southey,wsoutheyd3@feedburner.com
Barrett,Duferie,bduferied4@unc.edu
Billie,Lorraway,blorrawayd5@mit.edu
Hobey,Gaydon,hgaydond6@ocn.ne.jp
Garrard,Casaccia,gcasacciad7@ameblo.jp
August,Moorton,amoortond8@geocities.com
Emery,O'Cannavan,eocannavand9@arstechnica.com
Orren,Slane,oslaneda@abc.net.au
Alexander,Okill,aokilldb@google.co.jp
Tymothy,Gawkes,tgawkesdc@dmoz.org
Casar,Markovic,cmarkovicdd@army.mil
Alastair,Sumpton,asumptonde@mit.edu
Christoffer,Crook,ccrookdf@cornell.edu
Sigvard,Gillingham,sgillinghamdg@discuz.net
Randal,Fahrenbacher,rfahrenbacherdh@networkadvertising.org
Pail,Tappor,ptappordi@prweb.com
Gib,Reynalds,greynaldsdj@accuweather.com
Abie,Gass,
Mill,McElroy,mmcelroydl@merriam-webster.com
Mar,Gemmell,mgemmelldm@ucoz.com
Lowell,Vittle,lvittledn@go.com
Billy,Aaronson,baaronsondo@bravesites.com
Vance,Hallawell,vhallawelldp@loc.gov
Burl,Thorburn,bthorburndq@vkontakte.ru
Michale,Ghidini,mghidinidr@qq.com
Roberto,Paylor,rpaylords@acquirethisname.com
Perkin,Sysland,psyslanddt@webeden.co.uk
Jack,Barkshire,jbarkshiredu@so-net.ne.jp
Neil,Udell,nudelldv@buzzfeed.com
Costa,Ties,ctiesdw@sun.com
Stearn,Denny,sdennydx@harvard.edu
Nathanial,Dews,ndewsdy@linkedin.com
Romeo,Chantillon,rchantillondz@bluehost.com
Waiter,Barks,wbarkse0@ucoz.com
Burnaby,Allflatt,ballflatte1@bluehost.com
Erek,Ajam,eajame2@last.fm
Jerri,Georgeson,jgeorgesone3@cnet.com
Lorenzo,Kassman,lkassmane4@msu.edu
Irvin,Pople,ipoplee5@auda.org.au
Jermain,Dennitts,jdennittse6@toplist.cz
Hewitt,Fuller,hfullere7@edublogs.org
Felike,Kovelmann,fkovelmanne8@ow.ly
Logan,Cattermull,lcattermulle9@economist.com
Orion,Kanwell,okanwellea@discovery.com
Padraic,Mandrake,pmandrakeeb@soundcloud.com
Myca,Cawse,mcawseec@cmu.edu
Dew,Rorke,drorkeed@cnbc.com
Amble,Impy,aimpyee@netlog.com
Sven,Rigolle,srigolleef@amazon.com
Horatio,Ossulton,hossultoneg@etsy.com
Der,Chavrin,dchavrineh@usda.gov
Sunny,Knipe,sknipeei@bluehost.com
Fairlie,Greason,fgreasonej@odnoklassniki.ru
Howey,Steade,hsteadeek@tamu.edu
Maynord,Blewitt,mblewittel@123-reg.co.uk
Lock,Holborn,lholbornem@cdbaby.com
Booth,Fagence,bfagenceen@goo.gl
Burton,Demchen,bdemcheneo@cdbaby.com
Gilles,Hesey,gheseyep@google.pl
Arne,Martyntsev,amartyntseveq@hostgator.com
Linoel,Scobbie,lscobbieer@hostgator.com
Rupert,Vanyakin,rvanyakines@umn.edu
Curcio,Ramsby,cramsbyet@google.co.jp
Freemon,Daniele,
Ole,Ponting,opontingev@timesonline.co.uk
Levy,Dodgson,ldodgsonew@webs.com
Kristoffer,Flobert,kflobertex@liveinternet.ru
Sax,Daddow,sdaddowey@smh.com.au
Karl,Wortley,kwortleyez@weibo.com
Alvis,Harragin,aharraginf0@upenn.edu
Upton,Andriuzzi,uandriuzzif1@twitter.com
Harcourt,Shorland,hshorlandf2@washington.edu
Wilfred,Jopling,wjoplingf3@unesco.org
Earvin,Beeble,ebeeblef4@seesaa.net
Hersch,Kurth,hkurthf5@blinklist.com
Dietrich,Habens,dhabensf6@google.com.hk
Tiebold,Halligan,thalliganf7@mlb.com
Tadeas,Eady,teadyf8@ning.com
Kennedy,Grzegorek,kgrzegorekf9@state.gov
Pip,Thompstone,pthompstonefa@uol.com.br
Flory,Wakeford,fwakefordfb@miibeian.gov.cn
Ferguson,Ghirardi,fghirardifc@ehow.com
Hogan,Grzes,hgrzesfd@virginia.edu
Skyler,Garrold,sgarroldfe@who.int
Gordie,Pillans,gpillansff@shinystat.com
Garrett,Checo,gchecofg@printfriendly.com
Richard,Hellis,rhellisfh@go.com
Marcus,Wigin,mwiginfi@patch.com
Ross,Kidstoun,rkidstounfj@joomla.org
Kristofor,Crusham,kcrushamfk@liveinternet.ru
Padriac,Skellern,pskellernfl@networksolutions.com
Clemmie,Keddey,ckeddeyfm@sphinn.com
Filbert,Milksop,fmilksopfn@yolasite.com
Niccolo,Ticehurst,nticehurstfo@homestead.com
Tobe,Catteroll,tcatterollfp@symantec.com
Christoforo,Sedcole,csedcolefq@quantcast.com
Billy,Windsor,bwindsorfr@craigslist.org
Antoni,Rispine,arispinefs@ucoz.com
Elias,Joyner,ejoynerft@weather.com
Gabbie,Benedtti,gbenedttifu@sogou.com
Patten,Dagon,pdagonfv@eepurl.com
Nicola,Segrott,nsegrottfw@thetimes.co.uk
Dominique,Gadd,dgaddfx@netvibes.com
Valentijn,Trebbett,vtrebbettfy@prnewswire.com
Corny,Reddie,creddiefz@tmall.com
Miller,Rafter,mrafterg0@ask.com
Coop,Yurygyn,cyurygyng1@usgs.gov
Remus,Ffrench,rffrenchg2@cargocollective.com
Ellwood,Sailor,esailorg3@apache.org
Jayme,Crotty,jcrottyg4@soup.io
Menard,Hyndman,mhyndmang5@netlog.com
Roley,Lindenberg,rlindenbergg6@boston.com
Bjorn,Elgey,belgeyg7@elpais.com
Haywood,Fevier,hfevierg8@booking.com
Sergei,Beckerleg,sbeckerlegg9@webs.com
Rand,Coles,rcolesga@com.com
Matty,McElhinney,mmcelhinneygb@tinyurl.com
Tracie,Bauman,tbaumangc@hud.gov
Batholomew,Schreurs,bschreursgd@google.co.jp
Noel,Ochterlony,nochterlonyge@mozilla.com
Russell,Matcham,rmatchamgf@utexas.edu
Brent,Laxston,blaxstongg@drupal.org
Mort,Tyrie,mtyriegh@jalbum.net
Krispin,Taylour,ktaylourgi@bbb.org
Alex,Hassekl,ahasseklgj@ameblo.jp
Douglas,Pettwood,dpettwoodgk@stanford.edu
Arnaldo,Danigel,adanigelgl@deviantart.com
Domenico,Lackner,dlacknergm@youtu.be
Jess,Pfaffe,jpfaffegn@sciencedirect.com
Kaleb,Burnet,kburnetgo@baidu.com
Elbert,Mangon,emangongp@arizona.edu
Rickert,Farnworth,rfarnworthgq@creativecommons.org
Yuma,Hallam,yhallamgr@bloomberg.com
Herold,Tedder,hteddergs@unblog.fr
Sholom,Dunkerly,sdunkerlygt@google.ca
Germayne,Tomkins,gtomkinsgu@infoseek.co.jp
Ly,Hrinishin,lhrinishingv@reuters.com
Ancell,Gimert,agimertgw@boston.com
Rustie,Danneil,rdanneilgx@cbc.ca
Ike,Bus,ibusgy@jiathis.com
Von,Antognozzii,vantognozziigz@ucsd.edu
Homere,Warbey,
Orin,Coleyshaw,ocoleyshawh1@techcrunch.com
Harv,Sparrowhawk,hsparrowhawkh2@gravatar.com
Jayson,Scarborough,jscarboroughh3@exblog.jp
Onofredo,Farnaby,ofarnabyh4@usda.gov
Boniface,Lampet,blampeth5@washingtonpost.com
Donn,Axby,daxbyh6@biblegateway.com
Gregoire,Bracey,gbraceyh7@youtu.be
Maison,Walklett,mwalkletth8@xing.com
Ransell,Streetfield,rstreetfieldh9@berkeley.edu
Brendis,Cavalier,bcavalierha@wufoo.com
Patrice,Feehan,pfeehanhb@ning.com
Ashley,Southwood,asouthwoodhc@drupal.org
Darby,Ciobotaro,dciobotarohd@hao123.com
Carey,Westgate,cwestgatehe@hhs.gov
Herschel,Clifton,hcliftonhf@ihg.com
Red,Danson,rdansonhg@netscape.com
Hayden,Baigrie,hbaigriehh@adobe.com
Kenn,Albrooke,kalbrookehi@tamu.edu
Wood,Schubert,wschuberthj@pagesperso-orange.fr
Mordecai,Vicioso,mviciosohk@prlog.org
Osmond,Eamer,oeamerhl@elegantthemes.com
Quinlan,Crosetto,qcrosettohm@admin.ch
Barny,Stratten,bstrattenhn@weather.com
Elia,Duligall,eduligallho@house.gov
Gard,Pavelka,gpavelkahp@ucoz.com
Ulises,Bergeau,ubergeauhq@free.fr
Ryan,Blenkensop,rblenkensophr@sphinn.com
Nathanial,Falkus,nfalkushs@ovh.net
Aldon,Domegan,adomeganht@etsy.com
Pattin,Willingham,pwillinghamhu@cbslocal.com
Frannie,Pickavance,fpickavancehv@artisteer.com
Broddie,Handover,bhandoverhw@biblegateway.com
Jefferson,Vase,jvasehx@qq.com
Herby,Malcolmson,hmalcolmsonhy@simplemachines.org
Rolfe,Haryngton,rharyngtonhz@photobucket.com
Saunder,Leele,sleelei0@symantec.com
Allister,Lauret,alaureti1@yahoo.com
Leslie,Olorenshaw,lolorenshawi2@unc.edu
Weidar,Gosnall,wgosnalli3@telegraph.co.uk
Werner,Medcraft,wmedcrafti4@xrea.com
Myer,Mandrey,mmandreyi5@mysql.com
Jermain,Mullins,jmullinsi6@ted.com
Willie,Giorgione,wgiorgionei7@mail.ru
Clayborne,Yoseloff,cyoseloffi8@economist.com
Enoch,Sperring,esperringi9@theguardian.com
Adham,Domeney,adomeneyia@cisco.com
Forrest,Josefsen,fjosefsenib@tripadvisor.com
Carrol,Stent,cstentic@github.io
Farley,Twiname,ftwinameid@cornell.edu
Chester,Tidcombe,ctidcombeie@trellian.com
Bar,Thunnerclef,bthunnerclefif@marriott.com
Lamond,Iczokvitz,liczokvitzig@walmart.com
Garvy,Guyan,gguyanih@facebook.com
Nealson,Harman,nharmanii@whitehouse.gov
Erik,Ducarne,educarneij@sphinn.com
Hubert,Prosch,hproschik@princeton.edu
Edvard,Galia,egaliail@xing.com
Hermie,Messitt,
Thatcher,Tredger,ttredgerin@youtube.com
Franny,Olekhov,folekhovio@hatena.ne.jp
Morty,Vanyashkin,mvanyashkinip@thetimes.co.uk
Nikola,McMonnies,nmcmonniesiq@creativecommons.org
Aguistin,Cundy,acundyir@booking.com
Gerry,Stanyer,gstanyeris@cafepress.com
Tudor,Larmet,tlarmetit@washingtonpost.com
Doy,Arblaster,darblasteriu@acquirethisname.com
Hirsch,Duchart,hduchartiv@cargocollective.com
Sid,Narraway,snarrawayiw@unesco.org
Luciano,Brizell,lbrizellix@joomla.org
Menard,Hubbins,mhubbinsiy@ebay.com
Rriocard,Seeman,rseemaniz@trellian.com
Johnathon,Ashlee,jashleej0@cornell.edu
Sterne,Silburn,ssilburnj1@biglobe.ne.jp
Matteo,Carrett,mcarrettj2@vimeo.com
Claybourne,Pally,cpallyj3@desdev.cn
Lauritz,Randall,lrandallj4@goo.ne.jp
Johnathon,Village,jvillagej5@nba.com
Harv,Pinnijar,hpinnijarj6@xinhuanet.com
Gun,McKelloch,gmckellochj7@ning.com
Paxton,Bromige,pbromigej8@bloglovin.com
Dare,Hulbert,dhulbertj9@topsy.com
Robers,Hyatt,rhyattja@army.mil
Jock,Minards,jminardsjb@archive.org
Kort,Vedmore,kvedmorejc@weather.com
Ara,Scraggs,ascraggsjd@si.edu
Morty,Foulcher,mfoulcherje@gizmodo.com
Gaultiero,Smooth,gsmoothjf@apple.com
Shaun,Fruen,sfruenjg@slideshare.net
Glyn,Munnings,gmunningsjh@clickbank.net
Stephanus,Blant,sblantji@artisteer.com
Ivor,Glassborow,iglassborowjj@facebook.com
Ignazio,Gocher,igocherjk@businesswire.com
Kylie,McFadyen,kmcfadyenjl@cafepress.com
Maximilianus,McGarrahan,mmcgarrahanjm@toplist.cz
Gibb,Arlett,garlettjn@newsvine.com
Ephrem,Trownson,etrownsonjo@unc.edu
Kory,Madge,kmadgejp@java.com
Axel,Sodor,asodorjq@homestead.com
Stewart,Jans,sjansjr@scientificamerican.com
Amble,Coggles,acogglesjs@artisteer.com
Nels,Quare,nquarejt@4shared.com
Tam,Wyrall,twyrallju@nhs.uk
Bradly,Misselbrook,bmisselbrookjv@de.vu
Maxwell,McIlwraith,mmcilwraithjw@army.mil
Gordon,Crummy,gcrummyjx@slashdot.org
Ricoriki,Klampt,rklamptjy@parallels.com
Kean,Michelotti,kmichelottijz@arizona.edu
Timothy,Staden,tstadenk0@webs.com
Ced,Kike,
Alford,Kops,akopsk2@yelp.com
Sal,Coady,scoadyk3@theguardian.com
Shurlock,St. Louis,sstlouisk4@nationalgeographic.com
Parrnell,Huxtable,phuxtablek5@alibaba.com
Henrik,Downie,hdowniek6@nifty.com
Lawton,Wormleighton,lwormleightonk7@skyrock.com
Callean,Telega,ctelegak8@yolasite.com
Ciro,Dorricott,cdorricottk9@aboutads.info
Andonis,Dyson,adysonka@phpbb.com
Isac,Keemar,ikeemarkb@dropbox.com
Casar,Danielkiewicz,cdanielkiewiczkc@boston.com
Hersch,Rosenzveig,hrosenzveigkd@census.gov
Rex,Quick,rquickke@ning.com
Curtice,d' Elboux,cdelbouxkf@newsvine.com
Xenos,Phair,xphairkg@telegraph.co.uk
Pedro,Scrase,pscrasekh@rambler.ru
Huey,Gannon,hgannonki@howstuffworks.com
Calvin,Jagoe,cjagoekj@livejournal.com
Darrell,Stuehmeyer,
Finn,Doolan,fdoolankl@slashdot.org
Hymie,Giorgione,hgiorgionekm@csmonitor.com
Irwin,Piffe,ipiffekn@histats.com
Floyd,Boundley,fboundleyko@economist.com
Robbert,Bartlomieczak,rbartlomieczakkp@hhs.gov
Hazlett,Hamblett,hhamblettkq@phpbb.com
Chev,Oselton,coseltonkr@cyberchimps.com
Jameson,Pascho,jpaschoks@state.tx.us
Antoine,Rippon,aripponkt@gnu.org
Wynn,Braffington,wbraffingtonku@virginia.edu
Archaimbaud,Bridgett,abridgettkv@1und1.de
Phillipe,Strewthers,pstrewtherskw@xing.com
Mortie,Priddie,mpriddiekx@purevolume.com
Erl,Leek,eleekky@cbslocal.com
Stanfield,Waine,swainekz@businesswire.com
Barret,Gynne,bgynnel0@issuu.com
Thane,Ramshaw,tramshawl1@msu.edu
Georgie,MacCaughey,gmaccaugheyl2@paypal.com
Ewan,Roe,eroel3@google.fr
Wolf,Albin,walbinl4@jalbum.net
Shalom,Squier,ssquierl5@nymag.com
Abner,Westoff,awestoffl6@businesswire.com
Whitby,Arundel,warundell7@mozilla.org
Claiborn,Brixey,cbrixeyl8@trellian.com
Godart,Minifie,gminifiel9@blogspot.com
Cal,Burren,cburrenla@slashdot.org
Arnuad,Risebrow,arisebrowlb@ucla.edu
Alon,Crinage,acrinagelc@dailymotion.com
Brnaba,Bartosch,bbartoschld@fda.gov
Bryn,St Quenin,bstqueninle@uiuc.edu
Robinet,Hamm,rhammlf@scribd.com
Wood,Aleksankov,waleksankovlg@nymag.com
Joaquin,Dannohl,jdannohllh@fastcompany.com
Millard,Gilley,mgilleyli@qq.com
Paxton,Everex,peverexlj@simplemachines.org
Mic,Hentze,mhentzelk@nymag.com
Kane,Scogings,kscogingsll@sbwire.com
Merry,Scotchmer,mscotchmerlm@qq.com
Kalvin,Meredyth,kmeredythln@adobe.com
Colby,Gawke,cgawkelo@sitemeter.com
Felipe,Cottel,fcottellp@chron.com
Gordon,Melsom,gmelsomlq@list-manage.com
Vick,Rolfi,vrolfilr@geocities.jp
Caspar,Pound,cpoundls@ifeng.com
Archibald,Zuanelli,azuanellilt@tamu.edu
Germayne,McMaster,gmcmasterlu@github.com
Saxe,Fosh,
Roderic,Matevosian,rmatevosianlw@webnode.com
Birk,Hirche,bhirchelx@ustream.tv
Krispin,McCluskey,kmccluskeyly@soundcloud.com
Allie,Finlry,afinlrylz@businessinsider.com
Brade,Thonger,bthongerm0@vinaora.com
Reynard,D'Hooge,rdhoogem1@desdev.cn
Simeon,Mayes,smayesm2@ehow.com
Mitchael,Hynam,mhynamm3@wikipedia.org
Cosme,Bellow,cbellowm4@tmall.com
Marietta,Cicero,mcicerom5@pinterest.com
Lev,Caddie,lcaddiem6@lulu.com
Garvin,Eddowes,geddowesm7@fc2.com
Ettore,Ethridge,eethridgem8@forbes.com
Arv,Eyckelbeck,aeyckelbeckm9@sogou.com
Marty,Izakovitz,mizakovitzma@free.fr
Dom,Stratiff,dstratiffmb@paginegialle.it
Alvie,Madgewick,amadgewickmc@goo.gl
Claudian,Yanuk,cyanukmd@google.de
Adelbert,Mapother,amapotherme@amazon.de
Marijn,Ruger,mrugermf@e-recht24.de
Dick,Cloughton,dcloughtonmg@cyberchimps.com
Jakob,Broscombe,jbroscombemh@smh.com.au
Rem,Rimes,rrimesmi@mozilla.com
Fritz,Lindenfeld,flindenfeldmj@canalblog.com
Guglielmo,MacCorkell,gmaccorkellmk@unc.edu
Rowan,Killik,rkillikml@twitter.com
Titus,Tumility,ttumilitymm@tripod.com
Chauncey,Bouttell,cbouttellmn@ifeng.com
Jesus,Brosoli,jbrosolimo@pagesperso-orange.fr
Kristofer,Hammett,khammettmp@census.gov
Merrill,Lamb,mlambmq@surveymonkey.com
Sarge,Aland,salandmr@cbsnews.com
Sheffie,Bovaird,sbovairdms@google.co.jp
Torrin,Manon,tmanonmt@dmoz.org
Nathanial,Freemantle,nfreemantlemu@theglobeandmail.com
Tadd,Olver,tolvermv@oaic.gov.au
Leopold,Love,llovemw@reverbnation.com
Abbott,Habbon,ahabbonmx@reference.com
Wain,Hauxwell,whauxwellmy@slashdot.org
Lindon,Frude,lfrudemz@shutterfly.com
Ignace,Sinisbury,
Iosep,Hartshorn,ihartshornn1@gmpg.org
Clarence,Rany,cranyn2@hc360.com
Brice,Trussell,btrusselln3@i2i.jp
Shem,Gwinnett,sgwinnettn4@paypal.com
Humberto,Zavittieri,hzavittierin5@icq.com
Dene,Aven,
Brooke,Ferraretto,bferraretton7@fotki.com
Sergei,Vuitton,svuittonn8@cpanel.net
Ara,Classen,aclassenn9@abc.net.au
Pavel,Wickersham,pwickershamna@etsy.com
Crosby,Erb,cerbnb@amazonaws.com
Ashbey,Follows,afollowsnc@delicious.com
Kalle,Cundey,kcundeynd@shareasale.com
Mart,Nardoni,mnardonine@archive.org
Holt,Burmaster,hburmasternf@fema.gov
Dru,Jury,djuryng@newsvine.com
Orville,Muselli,omusellinh@opera.com
Howey,Donoghue,hdonoghueni@networkadvertising.org
Jack,Wewell,jwewellnj@printfriendly.com
Barbabas,Aaron,baaronnk@1688.com
Hilliard,Hounsom,hhounsomnl@xinhuanet.com
Cecilio,Hallgath,challgathnm@ihg.com
Anatole,Scoines,ascoinesnn@utexas.edu
Theodoric,Paula,tpaulano@dagondesign.com
Wainwright,Szimoni,wszimoninp@constantcontact.com
Gerhardt,Blackster,gblacksternq@fda.gov
Hendrick,Toppes,htoppesnr@barnesandnoble.com
Clem,Havile,chavilens@youtube.com
Bing,Bartosch,bbartoschnt@meetup.com
Hubie,Coger,hcogernu@indiatimes.com
Shelden,Heaney,sheaneynv@intel.com
Craggie,Moodie,cmoodienw@theglobeandmail.com
Gerald,Layborn,glaybornnx@flickr.com
Gawain,Duggen,gduggenny@newsvine.com
Asher,MacTavish,amactavishnz@patch.com
Ermanno,Congdon,econgdono0@webeden.co.uk
Sayers,Blain,sblaino1@sohu.com
Lancelot,Beverage,lbeverageo2@google.ca
Pieter,Housby,phousbyo3@wiley.com
Barnard,Pallin,bpallino4@apple.com
Townsend,Tulley,ttulleyo5@vimeo.com
Raimund,Dutnell,rdutnello6@foxnews.com
Raimundo,Igonet,rigoneto7@seattletimes.com
Kleon,Mordanti,kmordantio8@hibu.com
Evan,Francois,efrancoiso9@earthlink.net
Obie,Synnott,osynnottoa@multiply.com
Keane,Simonot,ksimonotob@gnu.org
Marcus,Gawthorp,mgawthorpoc@scientificamerican.com
Meyer,Bullent,mbullentod@quantcast.com
Porter,Stonary,pstonaryoe@cloudflare.com
Pincas,Sine,psineof@t.co
Stewart,Gulk,sgulkog@edublogs.org
Moore,O'Gleasane,mogleasaneoh@craigslist.org
Wilhelm,Yarham,wyarhamoi@uiuc.edu
Griffin,Kermath,gkermathoj@cargocollective.com
Gunner,Vasyunkin,gvasyunkinok@sfgate.com
Corbett,Slocket,cslocketol@wufoo.com
Wald,Crichley,wcrichleyom@bing.com
Neils,Ripley,nripleyon@phpbb.com
Onfre,Magson,omagsonoo@phoca.cz
Edgar,Rickson,ericksonop@friendfeed.com
Lombard,Mitroshinov,lmitroshinovoq@ezinearticles.com
Borden,Sanbroke,bsanbrokeor@loc.gov
Marlon,Pickett,mpickettos@stumbleupon.com
Rodge,Astell,rastellot@craigslist.org
Kalle,Bould,kbouldou@skype.com
Bat,Darey,bdareyov@tinyurl.com
Sylas,Mounch,smounchow@dell.com
Rockwell,McMonies,rmcmoniesox@sun.com
Palmer,Kippling,pkipplingoy@google.nl
Alleyn,Pheasant,apheasantoz@cisco.com
Meier,Hatliff,mhatliffp0@taobao.com
Oliviero,Idell,oidellp1@ebay.com
Caz,Aslum,caslump2@constantcontact.com
Hy,Haselgrove,hhaselgrovep3@statcounter.com
Budd,Franssen,bfranssenp4@statcounter.com
Kalvin,Pickerill,kpickerillp5@paypal.com
Antony,Lanaway,alanawayp6@bizjournals.com
Hubert,Walworth,hwalworthp7@discuz.net
Neddy,Duetsche,nduetschep8@ovh.net
Joe,de Copeman,jdecopemanp9@nature.com
Tobie,Ivanyushkin,tivanyushkinpa@skype.com
Ara,Khadir,akhadirpb@msu.edu
Francklyn,Blake,fblakepc@rediff.com
Yard,Sinnett,ysinnettpd@blogspot.com
Hugibert,Aviss,havisspe@dell.com
Javier,Dack,jdackpf@dropbox.com
Bern,Munton,bmuntonpg@youku.com
Giorgi,Boldero,gbolderoph@ocn.ne.jp
Free,Gush,fgushpi@ifeng.com
Ebeneser,Carne,ecarnepj@free.fr
Chuck,Rushworth,crushworthpk@issuu.com
Franchot,Pidgley,fpidgleypl@ucoz.com
Vidovic,Juszczyk,vjuszczykpm@rediff.com
Lefty,Durn,ldurnpn@amazonaws.com
Trip,McCrisken,tmccriskenpo@omniture.com
Sidnee,Picot,spicotpp@ifeng.com
Tyson,Pattesall,tpattesallpq@nytimes.com
Caryl,Dyball,cdyballpr@jugem.jp
Gianni,Barby,gbarbyps@mapy.cz
Franzen,Eilles,feillespt@360.cn
Hebert,Peer,hpeerpu@nature.com
Rolfe,Wilce,rwilcepv@github.com
Troy,Donaghy,tdonaghypw@reverbnation.com
Sheffie,Gillingham,sgillinghampx@foxnews.com
Raleigh,Astlatt,rastlattpy@bandcamp.com
Harmon,Riddler,hriddlerpz@smugmug.com
Taddeo,Meaddowcroft,tmeaddowcroftq0@qq.com
Ring,Moles,rmolesq1@cbslocal.com
Jermain,Vallentin,jvallentinq2@unc.edu
Tracey,Hackelton,thackeltonq3@usgs.gov
Abba,Hitzmann,ahitzmannq4@mapy.cz
Moise,Dane,mdaneq5@buzzfeed.com
Augustin,Sacher,asacherq6@bing.com
Luce,Pindell,lpindellq7@ocn.ne.jp
Bryce,Kinnaird,
Putnam,MacWhirter,pmacwhirterq9@howstuffworks.com
Florian,Guisby,fguisbyqa@scientificamerican.com
Frans,Colman,fcolmanqb@over-blog.com
Bruno,Cayton,bcaytonqc@xrea.com
Mycah,Demicoli,mdemicoliqd@zdnet.com
Jimmie,Servis,jservisqe@engadget.com
Lezley,Gilhooly,lgilhoolyqf@google.com.br
Sauncho,Bengal,sbengalqg@scribd.com
Ward,Kerner,wkernerqh@wiley.com
Sigismundo,Jepson,sjepsonqi@angelfire.com
Darrel,Meak,dmeakqj@so-net.ne.jp
Huberto,Glazier,hglazierqk@who.int
Clemmie,Birdwhistell,cbirdwhistellql@forbes.com
Armstrong,Diben,adibenqm@dot.gov
Lindon,Fedoronko,lfedoronkoqn@vk.com
Darcy,Farris,dfarrisqo@studiopress.com
Godwin,MacGruer,gmacgruerqp@free.fr
Bartolemo,Gartin,bgartinqq@yahoo.co.jp
Bruno,Faiers,bfaiersqr@psu.edu
Rutter,Petrollo,rpetrolloqs@behance.net
Lawton,Longford,llongfordqt@sfgate.com
Fielding,Baldacchino,fbaldacchinoqu@blogspot.com
Judas,Tallon,jtallonqv@accuweather.com
Joachim,Leversuch,jleversuchqw@state.tx.us
Jedidiah,Ansley,jansleyqx@craigslist.org
Ransell,Yersin,ryersinqy@cafepress.com
Paolo,Chape,pchapeqz@php.net
Homer,O'Heneghan,hoheneghanr0@spiegel.de
Odell,Molohan,omolohanr1@slashdot.org
Warner,Longlands,wlonglandsr2@bandcamp.com
Horacio,Liley,hlileyr3@cdbaby.com
Nealon,Taill,ntaillr4@1688.com
Ancell,Stoneley,astoneleyr5@utexas.edu
Edmon,Spollen,espollenr6@google.ca
Justinian,Boden,jbodenr7@mac.com
Carlo,Palister,cpalisterr8@answers.com
Clywd,Piatkow,cpiatkowr9@twitpic.com
Dar,Gundrey,dgundreyra@qq.com
Alberto,Wernher,awernherrb@e-recht24.de
Wald,Pickerin,wpickerinrc@amazon.co.jp
Abey,Toderini,atoderinird@dyndns.org
Francisco,Aizikovitch,faizikovitchre@hud.gov
Pippo,Corradi,pcorradirf@stumbleupon.com
Agustin,Lusgdin,alusgdinrg@ebay.co.uk
Wait,Khotler,wkhotlerrh@businessweek.com
Nicko,Goble,ngobleri@dropbox.com
Meier,Purkiss,mpurkissrj@netscape.com
Lance,Kidwell,lkidwellrk@nsw.gov.au
Kellen,Biggerstaff,kbiggerstaffrl@foxnews.com
Mathe,Kindread,mkindreadrm@whitehouse.gov
Mallory,Lowey,mloweyrn@tinyurl.com
Rogerio,Canape,rcanapero@wikispaces.com
Wolf,Romanin,wromaninrp@geocities.jp
Gerald,McAndie,gmcandierq@mapy.cz
Pail,Boyton,pboytonrr@mashable.com
