first_name,last_name,email
Tiphani,Balcers,tbalcers0@about.com
Miguela,Antonikov,mantonikov1@senate.gov
Sonya,Ranking,sranking2@etsy.com
Rachael,Rollason,rrollason3@gov.uk
Lorie,Roblin,lroblin4@freewebs.com
Nikaniki,East,neast5@foxnews.com
Agnes,Charge,acharge6@uiuc.edu
Maxy,Matusov,mmatusov7@msu.edu
Fiann,Mandry,fmandry8@blinklist.com
Briney,Coye,bcoye9@free.fr
Fina,Whistance,fwhistancea@usgs.gov
Lianna,Innerstone,linnerstoneb@simplemachines.org
Maris,Fenner,mfennerc@bloglines.com
Danny,Piddle,dpiddled@telegraph.co.uk
Pet,Delph,pdelphe@weebly.com
Quintina,Van der Son,qvandersonf@amazonaws.com
Junina,Bautiste,jbautisteg@dailymail.co.uk
Paule,Labusquiere,plabusquiereh@php.net
Camilla,Joicey,cjoiceyi@i2i.jp
Sara,Cromack,scromackj@nydailynews.com
Corabelle,Scardifeild,cscardifeildk@artisteer.com
Malynda,Hunnywell,mhunnywelll@wikispaces.com
Vanya,Gaule,vgaulem@chron.com
Myrle,Renachowski,mrenachowskin@flickr.com
Cathlene,Ros,croso@networksolutions.com
Easter,Agar,eagarp@paginegialle.it
Lou,Lory,lloryq@hp.com
Betta,Maulin,bmaulinr@opera.com
Liva,Giacomi,lgiacomis@craigslist.org
Yettie,Worsham,yworshamt@bloglines.com
Leonore,Moreno,lmorenou@pbs.org
Oriana,Ducket,oducketv@qq.com
Stace,Yarnton,syarntonw@umn.edu
Kaycee,Melonby,kmelonbyx@state.tx.us
Anstice,Belvin,abelviny@geocities.jp
Kerrin,Gulston,kgulstonz@zimbio.com
Romy,Bolderson,rbolderson10@ustream.tv
Alicea,Darker,adarker11@china.com.cn
Kylen,Guislin,kguislin12@1und1.de
Nanete,Acton,nacton13@theglobeandmail.com
Leola,Langran,llangran14@toplist.cz
Theadora,Costen,tcosten15@economist.com
Zitella,Felton,zfelton16@elpais.com
Michaela,Doggerell,mdoggerell17@yelp.com
Odessa,Egan,oegan18@photobucket.com
Nevsa,Cromar,ncromar19@goo.ne.jp
Ansley,Cluley,acluley1a@ocn.ne.jp
Melodee,Ingrey,mingrey1b@nhs.uk
Ginnifer,Summerhayes,gsummerhayes1c@xing.com
Hedvige,Matsell,hmatsell1d@cisco.com
Roanna,Dallimore,rdallimore1e@auda.org.au
Cassaundra,Derr,cderr1f@cnbc.com
Emyle,Meldrum,emeldrum1g@eventbrite.com
Daveta,Twizell,dtwizell1h@redcross.org
Marne,Cahalin,mcahalin1i@nps.gov
Zsa zsa,Lightbourne,zlightbourne1j@163.com
Josephina,Guerre,jguerre1k@yahoo.com
Ebba,Ruddock,eruddock1l@indiegogo.com
Casi,Leyninye,cleyninye1m@amazon.co.uk
Valery,Bulman,vbulman1n@comsenz.com
Jessa,Bridgewood,jbridgewood1o@shutterfly.com
Allyce,Garment,agarment1p@furl.net
Zaria,Buddleigh,zbuddleigh1q@sphinn.com
Loralee,Veregan,lveregan1r@hao123.com
Lilias,Nobles,
Alejandrina,Boliver,aboliver1t@reuters.com
Valera,Negro,vnegro1u@deviantart.com
Kirbie,Wolfarth,kwolfarth1v@scribd.com
Eyde,Greensmith,egreensmith1w@sciencedirect.com
Ros,Ferrick,rferrick1x@jugem.jp
Aila,Brookz,abrookz1y@google.com.hk
Madeline,Netherwood,mnetherwood1z@hatena.ne.jp
Ilka,Etchells,ietchells20@naver.com
Carolyne,Benasik,cbenasik21@amazon.com
Pammie,MacCartan,pmaccartan22@buzzfeed.com
Sharla,Underdown,sunderdown23@geocities.jp
Anny,Battyll,abattyll24@yahoo.co.jp
Phil,McManamon,pmcmanamon25@paypal.com
Gianna,Coppock.,gcoppock26@ning.com
Lissy,Garthshore,
Belicia,Bouchier,
Brandais,McGreal,bmcgreal29@answers.com
Andrei,Bealton,abealton2a@ted.com
Koralle,Dumbellow,kdumbellow2b@slate.com
Janenna,Hiddy,jhiddy2c@sourceforge.net
Gerianna,Umbert,gumbert2d@nifty.com
Tawnya,Castro,tcastro2e@blinklist.com
Emalia,Brucker,ebrucker2f@twitpic.com
Renie,Kuhlen,rkuhlen2g@ca.gov
Brier,Minton,bminton2h@sitemeter.com
Nerta,Fairfoot,nfairfoot2i@pcworld.com
Aigneis,Ivasyushkin,aivasyushkin2j@baidu.com
Katheryn,Duncklee,kduncklee2k@indiatimes.com
Una,Petronis,upetronis2l@thetimes.co.uk
Ashly,Walpole,awalpole2m@pen.io
Shawn,Tomini,stomini2n@nhs.uk
Ophelia,Stringfellow,ostringfellow2o@indiatimes.com
Karen,Merveille,kmerveille2p@dagondesign.com
Idalia,Glanville,iglanville2q@cyberchimps.com
Marje,Gilyatt,mgilyatt2r@zimbio.com
Bonni,Kermott,bkermott2s@google.com.br
Anselma,Lattimore,alattimore2t@narod.ru
Sabra,Attwell,
Kirbee,Lowndsborough,klowndsborough2v@joomla.org
Emelita,Crockett,ecrockett2w@cbc.ca
Ysabel,Barense,ybarense2x@bloglovin.com
Allsun,Gianetti,agianetti2y@soup.io
Iormina,Lingard,ilingard2z@theglobeandmail.com
Bettina,Krysztowczyk,bkrysztowczyk30@typepad.com
Rosette,Fleischer,rfleischer31@yandex.ru
Zita,Whimper,zwhimper32@answers.com
Bobine,Saur,bsaur33@twitter.com
Ali,Pilbury,apilbury34@pen.io
Kathy,Bjorkan,kbjorkan35@umich.edu
Kat,Bendell,kbendell36@wp.com
Mellisa,Zannutti,mzannutti37@meetup.com
Sabrina,Vanns,svanns38@auda.org.au
Jenifer,Binny,jbinny39@adobe.com
Terri,Brownlea,tbrownlea3a@bbc.co.uk
Adelle,Arton,aarton3b@vkontakte.ru
Marabel,Checkley,mcheckley3c@mac.com
Elene,Erbe,eerbe3d@patch.com
Brunhilda,McNickle,bmcnickle3e@cpanel.net
Ingrid,Grafton-Herbert,igraftonherbert3f@harvard.edu
Linette,D'Elia,ldelia3g@netvibes.com
Sula,MacHostie,smachostie3h@google.com.br
Fawn,Songer,fsonger3i@imgur.com
Aimil,Maruszewski,amaruszewski3j@zdnet.com
Ginnie,Cunningham,gcunningham3k@exblog.jp
Micaela,Hargess,mhargess3l@alibaba.com
Lurline,Nisot,lnisot3m@cisco.com
Betta,Bendan,bbendan3n@apple.com
Suzann,Levings,slevings3o@abc.net.au
Carlee,Ast,cast3p@virginia.edu
Lou,Dowthwaite,ldowthwaite3q@prlog.org
Sarette,Cuseick,scuseick3r@washington.edu
Mollee,Dimock,mdimock3s@xinhuanet.com
Daria,Tidbald,dtidbald3t@tmall.com
Raven,McEwan,rmcewan3u@usatoday.com
Chrysa,Yacobsohn,cyacobsohn3v@goo.ne.jp
Eunice,Bloom,ebloom3w@weather.com
Stella,Satchel,ssatchel3x@reuters.com
Candis,Mulgrew,cmulgrew3y@w3.org
Lela,Rahlof,lrahlof3z@behance.net
Ninnetta,Sherar,nsherar40@mozilla.org
Jillian,Vader,jvader41@howstuffworks.com
Violette,Spikins,vspikins42@facebook.com
Jacinda,Mullett,
Winny,Emig,wemig44@weebly.com
Ashly,Battye,abattye45@vistaprint.com
Olva,Tideswell,otideswell46@ucoz.ru
Carlen,McMarquis,
Tanitansy,Imorts,timorts48@techcrunch.com
Mil,Leblanc,mleblanc49@tiny.cc
Lynett,McKeevers,lmckeevers4a@etsy.com
Lib,Filippazzo,lfilippazzo4b@squarespace.com
Sarah,Blumfield,sblumfield4c@abc.net.au
Becki,Palmar,bpalmar4d@java.com
Jean,Sandells,jsandells4e@tamu.edu
Barb,MacIlhargy,bmacilhargy4f@w3.org
Helsa,Beckson,hbeckson4g@reverbnation.com
Cherise,Pulfer,cpulfer4h@nymag.com
Alie,Ondra,
Ronna,Harbertson,rharbertson4j@amazon.co.jp
Cassandre,Jeenes,cjeenes4k@prnewswire.com
Olympia,Shovell,oshovell4l@yale.edu
Carmina,Wickins,cwickins4m@dell.com
Alane,Scotchmoor,ascotchmoor4n@reuters.com
Miranda,Treace,mtreace4o@rambler.ru
Aggy,McAlroy,amcalroy4p@yandex.ru
Cordula,Bernadon,cbernadon4q@washington.edu
Nicolette,Stowers,nstowers4r@surveymonkey.com
Min,Farrimond,mfarrimond4s@washingtonpost.com
Lib,Seden,lseden4t@gnu.org
Merle,Loton,mloton4u@squidoo.com
Fina,Villa,fvilla4v@nature.com
Dolli,Fairbeard,dfairbeard4w@topsy.com
Amber,Balfre,abalfre4x@typepad.com
Cathryn,Curdell,ccurdell4y@tripod.com
La verne,Jirka,ljirka4z@businessinsider.com
Maurine,Clementel,mclementel50@linkedin.com
Sabina,Boylan,sboylan51@webs.com
Katey,Laherty,klaherty52@xing.com
Georgianna,Krishtopaittis,gkrishtopaittis53@hp.com
Ulrica,Sola,usola54@bloglovin.com
Babara,Lalor,blalor55@t-online.de
Eydie,De Carolis,edecarolis56@amazon.de
Darlleen,Drohane,ddrohane57@imgur.com
Ellissa,Leither,eleither58@ebay.com
Cecilla,Rowling,crowling59@odnoklassniki.ru
Janna,Batho,jbatho5a@yandex.ru
Sherri,Rumney,srumney5b@ucsd.edu
Thomasina,Chasle,tchasle5c@state.tx.us
Coletta,Mantram,cmantram5d@vistaprint.com
Madge,Ferrieres,mferrieres5e@vkontakte.ru
Elisabetta,Hackett,ehackett5f@cnet.com
Dore,Aizikowitz,daizikowitz5g@pcworld.com
Julia,Moores,jmoores5h@chicagotribune.com
Salaidh,Randalson,
Martita,Cordingley,mcordingley5j@cbc.ca
Lilia,Skehan,lskehan5k@dion.ne.jp
Marylin,Blow,mblow5l@smugmug.com
Alexa,David,adavid5m@xing.com
Jolyn,Mutlow,jmutlow5n@wiley.com
Francesca,Mathie,fmathie5o@liveinternet.ru
Valry,Yele,vyele5p@homestead.com
Rozamond,Blasdale,rblasdale5q@acquirethisname.com
Imogen,Gaish,igaish5r@deliciousdays.com
Dacia,Lunam,dlunam5s@gov.uk
Freida,Morlon,fmorlon5t@umn.edu
Aveline,Burgwyn,aburgwyn5u@jalbum.net
Oralee,Mueller,omueller5v@spiegel.de
Griselda,Carpenter,gcarpenter5w@nps.gov
Tamera,Pattrick,tpattrick5x@pen.io
Sophie,Krop,skrop5y@xing.com
Paolina,Forsbey,pforsbey5z@yellowpages.com
Estrella,Ellyatt,eellyatt60@bandcamp.com
Sheelah,Szimon,sszimon61@usa.gov
Emalee,Pymar,epymar62@hao123.com
Myrtia,O'Dooghaine,modooghaine63@dailymail.co.uk
Rickie,Godwin,rgodwin64@rediff.com
Ella,Rosencwaig,erosencwaig65@hp.com
Christabella,Amy,camy66@163.com
Madelena,Starcks,mstarcks67@instagram.com
Honoria,Ebertz,hebertz68@discuz.net
Salome,Drexel,sdrexel69@ow.ly
Allene,McCreath,amccreath6a@surveymonkey.com
Joyce,Rossey,jrossey6b@umn.edu
Katti,Velez,kvelez6c@baidu.com
Ruthy,Cogar,rcogar6d@answers.com
Terri,Kibbey,tkibbey6e@webmd.com
Tiffi,Barney,tbarney6f@networksolutions.com
Pattie,Pecey,ppecey6g@typepad.com
Bernadene,Attreed,battreed6h@google.fr
Franny,Dingle,fdingle6i@bloglines.com
Benni,Morrall,
Isis,Goard,igoard6k@dmoz.org
Mei,Yaldren,myaldren6l@jigsy.com
Patti,Gwilt,pgwilt6m@rediff.com
Basia,Pessler,bpessler6n@howstuffworks.com
Arleta,Siberry,asiberry6o@who.int
Giana,Whitaker,gwhitaker6p@ucsd.edu
Ninnetta,Kenward,nkenward6q@4shared.com
Erinna,Lippitt,elippitt6r@cargocollective.com
Thomasa,Maslen,tmaslen6s@dailymotion.com
Lorri,Oatley,loatley6t@1und1.de
Maggi,Bygate,mbygate6u@nymag.com
Charlotte,Ripon,cripon6v@wired.com
Millicent,Mirams,mmirams6w@state.gov
Marna,Gretham,mgretham6x@webnode.com
Murielle,Vassay,mvassay6y@pinterest.com
Meggi,Hessay,mhessay6z@a8.net
Deirdre,Kreuzer,
Anjela,Kinton,akinton71@microsoft.com
Brigitta,Woodworth,bwoodworth72@purevolume.com
Valentina,Colquete,vcolquete73@multiply.com
Bili,Kelcher,
Allyce,Dilger,adilger75@cornell.edu
Almeta,Merrifield,amerrifield76@ucla.edu
Mehetabel,Alderwick,malderwick77@dmoz.org
Kristan,Daughtrey,kdaughtrey78@mysql.com
Doris,Nieass,dnieass79@angelfire.com
Angele,Perrone,aperrone7a@hexun.com
Else,Keysall,ekeysall7b@flickr.com
Evvie,Andreas,eandreas7c@google.es
Meta,Schoffler,
Frannie,Bennis,fbennis7e@gov.uk
Cloe,Bosward,cbosward7f@so-net.ne.jp
Vannie,Duxfield,vduxfield7g@storify.com
Raven,Sumnall,rsumnall7h@themeforest.net
Romona,Ragate,
Yettie,Fremantle,yfremantle7j@omniture.com
Viviene,Sides,vsides7k@cisco.com
Cathleen,Petrakov,cpetrakov7l@mozilla.org
Ingaberg,Jarrad,ijarrad7m@paginegialle.it
Joceline,Trevaskiss,jtrevaskiss7n@de.vu
Agretha,Bratty,abratty7o@google.com.hk
Monika,Tinklin,mtinklin7p@parallels.com
Dulce,Leary,dleary7q@moonfruit.com
Gerta,Hailwood,ghailwood7r@creativecommons.org
Romy,Blondell,rblondell7s@cloudflare.com
Kyla,Grabeham,kgrabeham7t@biblegateway.com
Livvy,Albion,lalbion7u@ucla.edu
Lorrin,Sabatier,lsabatier7v@disqus.com
Kylen,Vagges,
Lorenza,O'Farrell,lofarrell7x@xing.com
Mireille,Arnowitz,marnowitz7y@dot.gov
Kristyn,Siddall,ksiddall7z@columbia.edu
Christel,Blowing,cblowing80@newyorker.com
Libbie,Rizzardi,lrizzardi81@last.fm
Maure,Bradneck,mbradneck82@linkedin.com
Sydney,Elrick,
Kathye,Pickett,kpickett84@multiply.com
Cherilynn,Hinkens,chinkens85@gizmodo.com
Marlena,Hauger,mhauger86@mail.ru
Hildegarde,Mablestone,hmablestone87@nifty.com
Alta,March,amarch88@sogou.com
Allianora,Barrable,abarrable89@ezinearticles.com
Bunny,Pensom,bpensom8a@answers.com
Audre,Braven,abraven8b@webs.com
Blythe,Hedylstone,bhedylstone8c@ebay.com
Valentine,Bracci,vbracci8d@icio.us
Roselia,Quartermaine,rquartermaine8e@tinyurl.com
Ines,Hush,
Marie-ann,Mattityahou,mmattityahou8g@discovery.com
Edna,Shillaber,eshillaber8h@ovh.net
Kimbra,Drynan,kdrynan8i@wikia.com
Etta,Baddeley,ebaddeley8j@posterous.com
Viv,Hawler,vhawler8k@about.com
Lyndsey,Lemary,llemary8l@europa.eu
Dyna,Windybank,dwindybank8m@netvibes.com
Pierette,Dalglish,pdalglish8n@tumblr.com
Crin,Blabie,cblabie8o@independent.co.uk
Cyndi,Gumey,cgumey8p@vimeo.com
Silva,Duffitt,sduffitt8q@redcross.org
Patsy,Robins,probins8r@chronoengine.com
Samantha,Cuschieri,scuschieri8s@unesco.org
Agnola,Tilby,atilby8t@hhs.gov
Mommy,Chittie,mchittie8u@google.co.jp
Jasmina,Stutter,jstutter8v@surveymonkey.com
Selena,Sperski,
Sophia,Swetenham,sswetenham8x@mapquest.com
Calida,Garroway,cgarroway8y@nasa.gov
Brier,Flieger,bflieger8z@cbsnews.com
Rickie,Essel,ressel90@slashdot.org
Adrienne,Gilardoni,agilardoni91@angelfire.com
Giovanna,Telezhkin,gtelezhkin92@ucla.edu
Rodie,Banat,rbanat93@bizjournals.com
Faina,Tongue,ftongue94@time.com
Ursulina,Clist,uclist95@princeton.edu
Rebe,Truran,rtruran96@themeforest.net
Gilligan,Coping,gcoping97@discovery.com
Kim,Ricardot,kricardot98@springer.com
Ella,Riditch,eriditch99@comsenz.com
Carmon,Bricksey,cbricksey9a@dyndns.org
Bess,Lemin,blemin9b@domainmarket.com
Rhodie,Yegorshin,ryegorshin9c@prlog.org
Tracey,Greensitt,tgreensitt9d@opensource.org
Anthiathia,Serotsky,aserotsky9e@unicef.org
Terri-jo,Millea,tmillea9f@opera.com
Tobi,McSherry,tmcsherry9g@columbia.edu
Adrea,Burdon,
Taryn,Gartside,tgartside9i@thetimes.co.uk
Lilyan,Killingback,lkillingback9j@qq.com
Flora,Stonelake,fstonelake9k@technorati.com
Alyssa,Rowet,arowet9l@salon.com
Bonnee,Worner,bworner9m@wisc.edu
Ellie,Stiffell,estiffell9n@mediafire.com
Garnette,Sterre,gsterre9o@soundcloud.com
Miriam,Semonin,msemonin9p@chronoengine.com
Adi,Wickling,awickling9q@epa.gov
Rebekah,Arson,rarson9r@addtoany.com
Jorey,Nairy,jnairy9s@usgs.gov
Lorette,Denkin,ldenkin9t@apple.com
Ivett,Tumilty,itumilty9u@surveymonkey.com
Ailis,Hurford,ahurford9v@accuweather.com
Sena,Kovalski,skovalski9w@ameblo.jp
Greer,Nowakowska,gnowakowska9x@gravatar.com
Enriqueta,Gores,egores9y@tiny.cc
Ardelis,Braghini,abraghini9z@comcast.net
Katy,Vodden,kvoddena0@reuters.com
Kiele,Iaduccelli,kiaduccellia1@artisteer.com
Mallorie,Cantrill,mcantrilla2@npr.org
Betti,Hillaby,bhillabya3@imgur.com
Opaline,Faltin,ofaltina4@blogspot.com
Ingaberg,Minchell,iminchella5@rediff.com
Faith,Gilchriest,fgilchriesta6@psu.edu
Clare,Simmonett,csimmonetta7@alexa.com
Lorain,Boniface,lbonifacea8@webmd.com
Ula,Woodsford,uwoodsforda9@acquirethisname.com
Farrah,Dunckley,fdunckleyaa@abc.net.au
Cornelia,Theobalds,ctheobaldsab@weebly.com
Ilka,Otter,iotterac@theguardian.com
Shawnee,Klehyn,sklehynad@upenn.edu
Mattie,Stollwerck,mstollwerckae@amazon.co.uk
Gweneth,Callard,gcallardaf@opera.com
Anita,Lathan,
Jeannine,Sokale,jsokaleah@google.es
Joela,Markham,jmarkhamai@cdbaby.com
Junie,MacCague,jmaccagueaj@phoca.cz
Hettie,Muncaster,hmuncasterak@ucoz.com
Gigi,Samsin,gsamsinal@engadget.com
Issie,Chisnall,ichisnallam@yelp.com
Leanor,Stuckford,lstuckfordan@reverbnation.com
Legra,De Mitri,ldemitriao@discovery.com
Joeann,Mowsley,jmowsleyap@feedburner.com
Farica,Ellson,fellsonaq@wikia.com
Donny,Ruoff,druoffar@geocities.jp
Aaren,Sabberton,asabbertonas@state.gov
Peri,Drakard,pdrakardat@baidu.com
Phaedra,Mackilpatrick,pmackilpatrickau@google.it
Orsola,Booker,obookerav@sogou.com
Suellen,Mc Elory,smceloryaw@a8.net
Ema,Imesson,eimessonax@simplemachines.org
Binnie,Burniston,bburnistonay@cargocollective.com
Angel,Boughen,aboughenaz@google.pl
Ramonda,Inglefield,ringlefieldb0@webnode.com
Angelique,Gronow,agronowb1@people.com.cn
Elyn,Gaither,egaitherb2@angelfire.com
Ellyn,Gurnee,egurneeb3@issuu.com
Kendra,Elcoux,kelcouxb4@wsj.com
Luelle,Brechin,lbrechinb5@alexa.com
Stacey,Salatino,ssalatinob6@over-blog.com
Crissy,Albery,calberyb7@google.com.br
Lian,Rae,lraeb8@xrea.com
Nani,Bardsley,nbardsleyb9@senate.gov
Berri,Sheron,bsheronba@state.gov
Georgena,Ivashkin,givashkinbb@nsw.gov.au
Iolanthe,Keetley,ikeetleybc@amazon.co.uk
Letitia,Treble,ltreblebd@mac.com
Ivette,Rollings,irollingsbe@creativecommons.org
Gwenore,Lenham,glenhambf@google.com.br
Marilee,Carrigan,mcarriganbg@behance.net
Dee dee,Insull,dinsullbh@feedburner.com
Sosanna,Axelbey,saxelbeybi@deviantart.com
Stormy,Dungate,sdungatebj@nationalgeographic.com
Dyanne,Bonanno,dbonannobk@drupal.org
Corey,Fiddler,cfiddlerbl@netvibes.com
Henriette,Rosberg,
Emmeline,Halvosen,ehalvosenbn@globo.com
Bennie,Gillogley,bgillogleybo@exblog.jp
Tallia,Klimkovich,tklimkovichbp@discuz.net
Cecilla,Lympenie,
Cathrin,Vile,cvilebr@washingtonpost.com
Verena,O'Shields,voshieldsbs@typepad.com
Vanya,Nutbrown,vnutbrownbt@addthis.com
Agathe,Valentin,avalentinbu@360.cn
Corrinne,Phlipon,cphliponbv@si.edu
Crystal,Reford,crefordbw@multiply.com
Ileana,Connew,iconnewbx@yellowpages.com
Rosita,Snashall,rsnashallby@un.org
Cissy,Brum,cbrumbz@ycombinator.com
Dedie,Agate,dagatec0@yellowbook.com
Harlene,Simonetti,hsimonettic1@yelp.com
Nike,Pill,npillc2@nifty.com
Mina,Marcinkus,mmarcinkusc3@dedecms.com
Sallyanne,MacNockater,smacnockaterc4@amazonaws.com
Lucienne,Fairhead,lfairheadc5@newyorker.com
Stephanie,Sebley,ssebleyc6@boston.com
Zitella,Veart,zveartc7@columbia.edu
Elysee,Albro,ealbroc8@sakura.ne.jp
Erena,Birley,ebirleyc9@google.cn
Rahel,Sleightholme,rsleightholmeca@naver.com
Ali,McPhail,amcphailcb@aboutads.info
Eimile,Ivanyutin,eivanyutincc@whitehouse.gov
Lind,Gooda,
Hattie,D'Oyley,hdoyleyce@slashdot.org
Lela,Labram,llabramcf@bandcamp.com
Lanny,Newbigging,lnewbiggingcg@dailymail.co.uk
Morganica,Gotthard.sf,mgotthardsfch@youtube.com
Laryssa,Vidler,lvidlerci@behance.net
Ann,Gaine of England,againeofenglandcj@51.la
Donia,Gotling,dgotlingck@edublogs.org
Gui,Sides,gsidescl@smugmug.com
Wally,Keighley,wkeighleycm@ezinearticles.com
Hazel,Whistan,hwhistancn@japanpost.jp
Angelica,Stoneham,astonehamco@ezinearticles.com
Bee,Grzes,bgrzescp@usda.gov
Kym,Tebbet,ktebbetcq@hc360.com
Seana,Saladin,ssaladincr@deliciousdays.com
Viviyan,Sallarie,vsallariecs@github.io
Tamera,Seneschal,tseneschalct@i2i.jp
Arielle,Schwand,aschwandcu@dmoz.org
Bill,Fluck,bfluckcv@google.ca
Emily,McGrory,emcgrorycw@de.vu
Carmine,Nunns,cnunnscx@sitemeter.com
Starlene,Dottrell,sdottrellcy@soundcloud.com
Elsi,Davie,edaviecz@columbia.edu
Tabina,Leahy,tleahyd0@mac.com
Gleda,Robichon,grobichond1@qq.com
Charmaine,Astles,castlesd2@issuu.com
Iolande,Rontree,irontreed3@usnews.com
Genevieve,Brenard,gbrenardd4@soundcloud.com
Hertha,McRill,hmcrilld5@printfriendly.com
Cherida,Effnert,ceffnertd6@feedburner.com
Romola,Bigglestone,rbigglestoned7@wiley.com
Stormi,Bentham3,sbenthamd8@over-blog.com
Joleen,Coda,jcodad9@jigsy.com
Charlean,Botwood,cbotwoodda@sogou.com
Ethyl,Hosier,ehosierdb@typepad.com
Reena,Mathivon,rmathivondc@ustream.tv
Estele,Quarterman,equartermandd@phpbb.com
Adiana,Gowing,agowingde@liveinternet.ru
Ernestine,Thredder,ethredderdf@tiny.cc
Alie,Richemont,arichemontdg@ifeng.com
Maurene,Krimmer,mkrimmerdh@yelp.com
Elladine,La Padula,elapaduladi@purevolume.com
Florenza,Anyon,fanyondj@bbb.org
Sheryl,Burt,sburtdk@blog.com
Bobina,Riddles,briddlesdl@a8.net
Heidi,Linthead,hlintheaddm@purevolume.com
Rozalin,Gould,rgoulddn@blogs.com
Tina,Hayer,thayerdo@is.gd
Belia,Winsiowiecki,bwinsiowieckidp@g.co
Josselyn,Tomaini,jtomainidq@sciencedirect.com
Philippine,Mielnik,pmielnikdr@sourceforge.net
Keri,Hartfield,khartfieldds@unblog.fr
Marijo,Hildrew,mhildrewdt@imdb.com
Easter,Rochelle,erochelledu@w3.org
Bettye,Beamson,bbeamsondv@vimeo.com
Una,Sefton,useftondw@time.com
Colline,Hadcock,chadcockdx@furl.net
Lonnie,Dunton,lduntondy@amazon.co.jp
Shani,Rich,srichdz@storify.com
Drucy,Gresch,dgresche0@mit.edu
Rickie,Dayley,rdayleye1@joomla.org
Nerty,Gunney,ngunneye2@zdnet.com
Amalea,Dunmore,adunmoree3@apache.org
Darbie,Tyhurst,dtyhurste4@g.co
Brina,Muat,bmuate5@washington.edu
Carmel,Micheli,cmichelie6@kickstarter.com
Esta,Wragge,ewraggee7@pagesperso-orange.fr
Agneta,Frewer,afrewere8@prweb.com
Morgen,Casin,mcasine9@tinyurl.com
Madelle,Hallahan,mhallahanea@bravesites.com
Ilise,Tomasian,itomasianeb@netscape.com
Marthena,Ableson,mablesonec@npr.org
Theresa,Wisedale,twisedaleed@shinystat.com
Karrie,Vaggs,kvaggsee@networkadvertising.org
Saree,Longea,slongeaef@diigo.com
Kassia,Johnke,kjohnkeeg@vkontakte.ru
Catha,Curthoys,ccurthoyseh@angelfire.com
Catrina,Poyner,cpoynerei@surveymonkey.com
Con,Chamberlin,cchamberlinej@flavors.me
Sybila,Gogan,sgoganek@archive.org
Carleen,MacKellen,cmackellenel@smh.com.au
Sharai,Mount,smountem@hatena.ne.jp
Jessalin,O' Byrne,jobyrneen@google.fr
Isabella,Trubshawe,itrubshaweeo@wired.com
Jeniffer,Fullager,jfullagerep@amazon.co.uk
Sibelle,Ryrie,sryrieeq@usa.gov
Maryanne,Matuszinski,mmatuszinskier@a8.net
Freddy,Tregonna,ftregonnaes@nps.gov
Karen,Rosenstock,krosenstocket@senate.gov
Sosanna,Phil,sphileu@cafepress.com
Zaria,Ricardo,zricardoev@hhs.gov
Beverly,Rushford,brushfordew@google.ru
Vinni,Dakhno,vdakhnoex@stanford.edu
Maryjo,Heinert,mheinertey@utexas.edu
Fidela,Gurley,fgurleyez@sfgate.com
Astra,Riatt,ariattf0@e-recht24.de
Lu,Picker,lpickerf1@unblog.fr
Allix,Meatcher,ameatcherf2@weibo.com
Sacha,Lintot,slintotf3@forbes.com
Tallie,Grebner,tgrebnerf4@jiathis.com
Candice,Hillhouse,chillhousef5@yandex.ru
Allegra,Niset,anisetf6@who.int
Roselia,Guslon,rguslonf7@miitbeian.gov.cn
Vale,Braunston,vbraunstonf8@xing.com
Rheta,Barthod,rbarthodf9@comcast.net
Ferne,Rawdales,frawdalesfa@whitehouse.gov
Tommy,Martino,
Camilla,Huygen,chuygenfc@gmpg.org
Leyla,Batchley,lbatchleyfd@sogou.com
Jonis,Lathee,jlatheefe@blogger.com
Sara-ann,Gillease,sgilleaseff@walmart.com
Jessica,Hanscom,jhanscomfg@rakuten.co.jp
Gussi,Iuorio,giuoriofh@cbsnews.com
Margarita,Barette,mbarettefi@storify.com
Carrissa,Tasker,ctaskerfj@spiegel.de
Van,Basek,vbasekfk@elpais.com
Martina,Collyns,mcollynsfl@xinhuanet.com
Brana,Boffin,bboffinfm@naver.com
Angelina,Moores,amooresfn@bbb.org
Chere,Kehri,ckehrifo@npr.org
Donnie,Botwood,dbotwoodfp@timesonline.co.uk
Gipsy,Lafaye,glafayefq@ucsd.edu
Alidia,Castelain,acastelainfr@diigo.com
Coleen,Brager,cbragerfs@live.com
Cacilie,Balser,cbalserft@ow.ly
Candide,Canfield,ccanfieldfu@weibo.com
Natka,Atte-Stone,nattestonefv@pcworld.com
Lani,Blore,lblorefw@godaddy.com
Berget,Merrett,bmerrettfx@sphinn.com
Cindelyn,Coole,ccoolefy@ow.ly
Joanna,Pettis,jpettisfz@wix.com
Michaela,Rosenschein,mrosenscheing0@php.net
Haley,Conduit,hconduitg1@php.net
Clary,Element,celementg2@scribd.com
Aprilette,Boyle,aboyleg3@diigo.com
Lianne,Buckwell,lbuckwellg4@posterous.com
Dena,Eplett,deplettg5@wufoo.com
Lynnell,Ruckman,lruckmang6@berkeley.edu
Mellicent,Burnyate,mburnyateg7@reuters.com
Amalie,Tomadoni,atomadonig8@4shared.com
Carleen,Segges,cseggesg9@ebay.com
Sallyann,Teape,steapega@4shared.com
Justine,Paulucci,jpauluccigb@who.int
Donna,Carlton,dcarltongc@cargocollective.com
Ondrea,Roseburgh,oroseburghgd@issuu.com
Tomasina,Fatscher,tfatscherge@huffingtonpost.com
Mona,Harbinson,mharbinsongf@abc.net.au
Gleda,Eringey,geringeygg@taobao.com
Ardelia,Lafayette,alafayettegh@ycombinator.com
Paola,Wanklyn,pwanklyngi@yandex.ru
Amabel,Thicking,athickinggj@columbia.edu
Malena,Earie,meariegk@nifty.com
Uta,Faivre,ufaivregl@who.int
Kirstin,Lundbech,
Jessie,Champerlen,jchamperlengn@live.com
Danica,O'Donegan,dodonegango@cyberchimps.com
Isabella,Cruft,icruftgp@prweb.com
Saundra,Crickmer,scrickmergq@aol.com
Clemmie,Jenner,cjennergr@bloomberg.com
Brynne,Charpling,bcharplinggs@yahoo.com
Tobe,Wisniewski,twisniewskigt@cafepress.com
Cicely,Philipard,cphilipardgu@baidu.com
Jennie,Dakers,jdakersgv@springer.com
Amalle,Fryett,afryettgw@rediff.com
Jodie,Vereker,jverekergx@ameblo.jp
Miguela,Lathee,mlatheegy@soundcloud.com
Van,Bridgement,vbridgementgz@qq.com
Rania,Moine,rmoineh0@zimbio.com
Rosalia,MacAnespie,rmacanespieh1@home.pl
Rodi,Cunniff,rcunniffh2@quantcast.com
Marylynne,Keable,mkeableh3@wired.com
Nyssa,McCooke,nmccookeh4@skyrock.com
Dixie,Gibbeson,dgibbesonh5@qq.com
Merrile,Flinders,mflindersh6@apple.com
Gae,Rushby,grushbyh7@mlb.com
Jillayne,Quilleash,jquilleashh8@acquirethisname.com
Alexa,Taffley,ataffleyh9@upenn.edu
Cecilla,Lokier,clokierha@gravatar.com
Shanta,Savege,ssavegehb@apache.org
Loise,Osgorby,losgorbyhc@noaa.gov
Fiann,Thackeray,fthackerayhd@surveymonkey.com
Mimi,Branney,mbranneyhe@senate.gov
Andeee,Wisbey,awisbeyhf@wikimedia.org
Ali,Dimock,adimockhg@fastcompany.com
Hanni,Bellwood,hbellwoodhh@livejournal.com
Sheilah,Sargent,ssargenthi@flavors.me
Mariya,McIlvenny,mmcilvennyhj@google.cn
Drusilla,Bonhill,dbonhillhk@businessinsider.com
Chelsea,Claisse,cclaissehl@cpanel.net
Carla,Capaldi,ccapaldihm@example.com
Rhianon,Hargraves,rhargraveshn@howstuffworks.com
Britni,Bonhan,bbonhanho@narod.ru
Thomasin,Leithgoe,tleithgoehp@youtu.be
Theresita,Fynes,tfyneshq@nature.com
Adelaide,Rideout,arideouthr@naver.com
Veriee,Ferryn,vferrynhs@dion.ne.jp
Bendite,Bradnick,bbradnickht@bing.com
Dre,Wiltshire,dwiltshirehu@livejournal.com
Jackquelin,St. Ledger,jstledgerhv@github.com
Florina,Aizikovitch,faizikovitchhw@multiply.com
Kate,Tease,kteasehx@patch.com
Hannis,Nineham,hninehamhy@nba.com
Suzi,Shalloe,sshalloehz@bloglovin.com
Haley,Buchan,hbuchani0@addthis.com
Lynde,Dymidowicz,ldymidowiczi1@diigo.com
Nicol,Ciepluch,nciepluchi2@ezinearticles.com
Juliette,Dickon,jdickoni3@jigsy.com
Sarene,Fawdry,sfawdryi4@sohu.com
Maryrose,Lowmass,mlowmassi5@alexa.com
Phoebe,Qualtrough,pqualtroughi6@google.fr
Rhody,Pisco,rpiscoi7@jigsy.com
Veriee,Whitlock,vwhitlocki8@cargocollective.com
Marnie,Pattington,mpattingtoni9@123-reg.co.uk
Arleta,Greenleaf,agreenleafia@economist.com
Leone,Alloisi,lalloisiib@reverbnation.com
Jemimah,Aberdeen,jaberdeenic@springer.com
Gusti,McLoughlin,gmcloughlinid@bravesites.com
Lyndell,Batistelli,lbatistelliie@oracle.com
Guglielma,Humfrey,ghumfreyif@netlog.com
Annamaria,Sheivels,asheivelsig@census.gov
Evey,Daber,edaberih@creativecommons.org
Janeta,Lightewood,jlightewoodii@cyberchimps.com
Gerta,Lytle,glytleij@mediafire.com
Janka,Heavens,jheavensik@free.fr
Jolynn,Olford,jolfordil@reddit.com
Gilbertina,Sanders,gsandersim@vimeo.com
Vere,Limpricht,vlimprichtin@adobe.com
Yevette,Stickney,ystickneyio@dmoz.org
Jessy,Harms,jharmsip@rediff.com
Cosette,Randall,crandalliq@nba.com
Imelda,Baumert,ibaumertir@people.com.cn
Nonie,Jorgensen,njorgensenis@icq.com
Anita,Saltman,asaltmanit@miibeian.gov.cn
Aigneis,Lared,alarediu@storify.com
Patrice,Kirwin,pkirwiniv@bloglovin.com
Binnie,Erbain,berbainiw@ezinearticles.com
Candra,MacKeague,cmackeagueix@over-blog.com
Karlee,Ride,krideiy@parallels.com
Arlette,West-Frimley,awestfrimleyiz@wp.com
Ardyce,Vause,avausej0@deviantart.com
Emmy,Attarge,eattargej1@sphinn.com
Riannon,Di Roberto,rdirobertoj2@pbs.org
Loni,Seedull,lseedullj3@harvard.edu
Libbey,Sapshed,lsapshedj4@mayoclinic.com
Prissie,Ransom,pransomj5@livejournal.com
Olga,Durbann,odurbannj6@dot.gov
Neille,Blackshaw,nblackshawj7@arizona.edu
Lizzie,Gannaway,lgannawayj8@xinhuanet.com
Angil,Johnston,ajohnstonj9@goo.gl
Stacey,Putman,sputmanja@free.fr
Crystal,Heap,cheapjb@amazon.co.uk
Deloris,Delap,ddelapjc@i2i.jp
Nissa,Demead,ndemeadjd@mayoclinic.com
Kiley,Backen,kbackenje@flavors.me
Milka,MacGrath,mmacgrathjf@weather.com
Leese,Pett,lpettjg@tumblr.com
Edithe,Heape,eheapejh@deliciousdays.com
Ralina,Noore,rnooreji@blogtalkradio.com
Camille,Goncaves,cgoncavesjj@squidoo.com
Lyndell,Flynn,lflynnjk@blinklist.com
Betta,Capron,bcapronjl@bloomberg.com
Agnese,Von Welden,avonweldenjm@sfgate.com
Candy,Josefowicz,cjosefowiczjn@wikipedia.org
Melonie,Abramovitz,mabramovitzjo@51.la
Dodi,Jope,djopejp@delicious.com
Rebekkah,Bridgstock,rbridgstockjq@japanpost.jp
Christi,Scaysbrook,cscaysbrookjr@cloudflare.com
Onida,Leatt,oleattjs@oracle.com
Aurea,Overpool,aoverpooljt@youtube.com
Caressa,Castelletti,ccastellettiju@wsj.com
Channa,Behnecken,cbehneckenjv@de.vu
Kaila,Leckenby,kleckenbyjw@ed.gov
Channa,Jeram,cjeramjx@whitehouse.gov
Chrysa,Cancott,ccancottjy@salon.com
Cathryn,Giles,cgilesjz@cargocollective.com
Nettie,Krop,nkropk0@japanpost.jp
Arlina,Dreossi,adreossik1@alexa.com
Brianne,Edwinson,bedwinsonk2@unc.edu
Maribeth,Squelch,msquelchk3@bbc.co.uk
Tallia,Weatherhogg,tweatherhoggk4@comsenz.com
Giorgia,Greendale,ggreendalek5@yellowbook.com
Ursulina,Giannassi,ugiannassik6@squidoo.com
Dallas,Gladwin,dgladwink7@pinterest.com
Stella,Jackes,sjackesk8@dagondesign.com
Olympie,Bernakiewicz,obernakiewiczk9@free.fr
Rubia,Anthoney,ranthoneyka@sourceforge.net
Kylila,Winley,kwinleykb@marriott.com
Berthe,Vere,bverekc@eventbrite.com
Bernadene,Simoneton,bsimonetonkd@google.cn
Shandeigh,Chiverstone,schiverstoneke@multiply.com
Abagael,Kirgan,akirgankf@indiegogo.com
Myrilla,Agutter,magutterkg@cargocollective.com
Jammie,Biscomb,jbiscombkh@printfriendly.com
Ebonee,Hoffman,
Violante,Barneveld,vbarneveldkj@berkeley.edu
Roanne,Rudyard,rrudyardkk@fastcompany.com
Margy,Pheasey,mpheaseykl@goo.gl
Nanon,Vanyutin,nvanyutinkm@trellian.com
Matti,Yersin,myersinkn@bing.com
Suellen,Ainley,sainleyko@businessweek.com
Jeane,Heugh,jheughkp@ezinearticles.com
Ellynn,Farfoot,efarfootkq@twitpic.com
Mariquilla,Engley,mengleykr@hao123.com
Clemmie,Dimitru,cdimitruks@tripadvisor.com
Rois,McKinnon,rmckinnonkt@reverbnation.com
Jodi,Gwilt,jgwiltku@free.fr
Joby,Dufall,jdufallkv@pen.io
Kevyn,Krelle,kkrellekw@wunderground.com
Bette-ann,Kidby,
Freda,Mostyn,fmostynky@icio.us
Oona,Ewing,oewingkz@privacy.gov.au
Kiah,Stallwood,kstallwoodl0@webnode.com
Paule,Churchyard,pchurchyardl1@bbc.co.uk
Lola,Georgiev,lgeorgievl2@webnode.com
Sidoney,Seven,ssevenl3@prweb.com
Eryn,Deegan,edeeganl4@csmonitor.com
Melly,Donnachie,mdonnachiel5@va.gov
Corissa,Mogg,cmoggl6@ehow.com
Penelope,Trinkwon,ptrinkwonl7@reuters.com
Gwynne,Mation,gmationl8@trellian.com
Pavla,Pinnington,ppinningtonl9@ezinearticles.com
Cherlyn,Stoller,cstollerla@forbes.com
Alberta,Sherewood,asherewoodlb@dailymail.co.uk
Dulcine,Hagard,dhagardlc@rakuten.co.jp
Roanna,Beacon,rbeaconld@mayoclinic.com
Lona,Jedraszczyk,ljedraszczykle@fastcompany.com
Eryn,David,edavidlf@google.es
Becca,Woodham,bwoodhamlg@berkeley.edu
Felipa,Duckers,fduckerslh@blog.com
Marlene,Soloway,msolowayli@ft.com
Tiffy,Vernham,tvernhamlj@weibo.com
Frannie,Chasmar,fchasmarlk@t.co
Pooh,Feldhorn,pfeldhornll@cisco.com
Margy,Ganning,mganninglm@foxnews.com
Juline,Sollner,jsollnerln@ed.gov
Kandace,Sisneros,ksisneroslo@jimdo.com
Clementia,Adel,cadellp@sphinn.com
Con,Gisburn,cgisburnlq@github.com
Coralie,Newick,cnewicklr@parallels.com
Letitia,Duell,lduellls@opera.com
Deirdre,Aitkenhead,daitkenheadlt@mapquest.com
Faith,Jennins,fjenninslu@accuweather.com
Maurizia,Peet,mpeetlv@comsenz.com
Katine,Herrero,kherrerolw@yellowpages.com
Nerita,Erdely,nerdelylx@google.cn
Sabine,Popping,spoppingly@indiatimes.com
Cindelyn,Becker,cbeckerlz@psu.edu
Hilde,Songer,hsongerm0@spiegel.de
Murielle,Chudleigh,mchudleighm1@multiply.com
Carol-jean,Mapham,cmaphamm2@netlog.com
Ki,Bowskill,kbowskillm3@ucla.edu
Kathleen,Malthouse,kmalthousem4@uiuc.edu
Phoebe,Ubanks,pubanksm5@woothemes.com
Darline,Middleditch,dmiddleditchm6@npr.org
Deirdre,Yurasov,dyurasovm7@zimbio.com
La verne,Pirelli,lpirellim8@ucoz.ru
Nadia,Dobbinson,ndobbinsonm9@accuweather.com
Marigold,Callery,mcalleryma@irs.gov
Lucy,Swait,lswaitmb@networkadvertising.org
Carolann,Sparsholt,csparsholtmc@nymag.com
Nelia,Barles,
Roxana,Ilyuchyov,rilyuchyovme@clickbank.net
Jacinthe,Brager,jbragermf@bandcamp.com
Brittaney,Woodage,bwoodagemg@narod.ru
Saudra,Fairchild,sfairchildmh@uol.com.br
Gwenni,Cobbald,gcobbaldmi@histats.com
Imelda,Moors,imoorsmj@e-recht24.de
Kacie,Hardiman,khardimanmk@t-online.de
Dorene,Houdhury,dhoudhuryml@ft.com
Lishe,Epton,leptonmm@bizjournals.com
Nalani,Eiler,neilermn@utexas.edu
Myrtle,Hindenberger,mhindenbergermo@accuweather.com
Iona,Ormston,iormstonmp@fda.gov
Paulette,Eastman,peastmanmq@posterous.com
Maryellen,Leslie,
Giulietta,Colbrun,gcolbrunms@reverbnation.com
Mahala,Coping,mcopingmt@mlb.com
Katlin,Arend,karendmu@clickbank.net
Blinni,Embra,bembramv@edublogs.org
Sileas,Kynton,skyntonmw@columbia.edu
Karisa,Mateiko,kmateikomx@phoca.cz
Dyan,Remmers,dremmersmy@reference.com
Lind,Lloyd-Williams,llloydwilliamsmz@amazonaws.com
Yettie,Lantoph,ylantophn0@sun.com
Paige,McBrier,pmcbriern1@businessinsider.com
Tomi,Judd,tjuddn2@cbc.ca
Fredelia,Manhood,fmanhoodn3@phoca.cz
Johnath,Duny,jdunyn4@biglobe.ne.jp
Morena,Ferran,mferrann5@nationalgeographic.com
Dorrie,Busain,dbusainn6@furl.net
Alika,Lenox,alenoxn7@google.com.br
Kiah,Dagnan,kdagnann8@baidu.com
Bernadine,Mayman,bmaymann9@ebay.com
Karoline,Bogges,kboggesna@hexun.com
Serena,Wileman,swilemannb@aboutads.info
Bess,Curryer,bcurryernc@bloglovin.com
Lorilyn,Leveret,lleveretnd@bravesites.com
Ashlan,Crucetti,acrucettine@adobe.com
Juliet,Cattrall,jcattrallnf@prlog.org
Mariquilla,M'cowis,mmcowisng@jiathis.com
Fan,Pollington,fpollingtonnh@ebay.com
Ronda,Umbert,rumbertni@yellowpages.com
Rikki,Emmer,remmernj@mit.edu
Bernelle,Older,boldernk@bloglines.com
Kira,McGeffen,kmcgeffennl@wunderground.com
Marline,Getsham,mgetshamnm@mtv.com
Annie,Giacovelli,agiacovellinn@pinterest.com
Ania,Anselmi,aanselmino@flavors.me
Adiana,Ganley,aganleynp@photobucket.com
Amelie,Oliveto,aolivetonq@microsoft.com
Ursa,Aizikov,uaizikovnr@hp.com
Pia,Syncke,psynckens@yolasite.com
Arlina,Marchenko,amarchenkont@chicagotribune.com
Katharine,Taggert,ktaggertnu@pcworld.com
Minny,Haliburn,mhaliburnnv@go.com
Patrizia,Fingleton,pfingletonnw@columbia.edu
Coletta,Riggey,criggeynx@cnbc.com
Kizzie,Midner,kmidnerny@census.gov
Easter,Sirett,esirettnz@qq.com
Ailina,Reed,areedo0@nhs.uk
Alvira,Eve,aeveo1@theguardian.com
Chery,Hempel,chempelo2@nih.gov
Tami,Philpots,tphilpotso3@jalbum.net
Cosetta,Goves,cgoveso4@un.org
Moselle,Axe,maxeo5@dailymotion.com
Kassandra,Dell Casa,kdellcasao6@un.org
Tiena,Esh,tesho7@elegantthemes.com
Cal,Letson,cletsono8@craigslist.org
Sibella,Swindall,sswindallo9@ebay.com
Peri,Welbeck,pwelbeckoa@foxnews.com
Octavia,Grigoroni,ogrigoroniob@dell.com
Joletta,Dymond,jdymondoc@lycos.com
Ailsun,Perot,aperotod@washingtonpost.com
Fiona,Cahan,fcahanoe@google.cn
Milka,Harly,mharlyof@godaddy.com
Milzie,Ravenscroft,mravenscroftog@fastcompany.com
Page,Arnoult,parnoultoh@telegraph.co.uk
Elset,Adaway,eadawayoi@mayoclinic.com
Gelya,Gannicott,ggannicottoj@hp.com
Jessalyn,Gudge,jgudgeok@xrea.com
Nannette,Tennick,ntennickol@google.ca
Amity,Kliesl,aklieslom@g.co
Minnie,Carefull,mcarefullon@wikimedia.org
Dulcy,Verman,dvermanoo@wikipedia.org
Andreana,Salmen,asalmenop@usatoday.com
Darline,Malone,dmaloneoq@fda.gov
Rafaela,Raecroft,rraecroftor@uol.com.br
Kellsie,Bartholin,kbartholinos@bbb.org
Anne-marie,Kopecka,akopeckaot@unc.edu
Moselle,Janczak,mjanczakou@dagondesign.com
Rosabella,Larvor,rlarvorov@unc.edu
Friederike,Taylorson,ftaylorsonow@omniture.com
Gwenny,Lillyman,glillymanox@imageshack.us
Eran,Sketch,esketchoy@timesonline.co.uk
Verene,McKall,vmckalloz@webmd.com
Cosette,Etherington,cetheringtonp0@jiathis.com
Dora,Keepence,dkeepencep1@un.org
Korie,Lillecrop,klillecropp2@newsvine.com
Brandea,Lansley,blansleyp3@statcounter.com
Alysa,O' Flaherty,aoflahertyp4@hud.gov
Frank,Cazalet,fcazaletp5@psu.edu
Sophey,Maunder,smaunderp6@tuttocitta.it
Genna,Ironmonger,gironmongerp7@sakura.ne.jp
Adeline,Hickeringill,ahickeringillp8@myspace.com
Cathy,Braunlein,cbraunleinp9@about.com
Brunhilde,Bullent,bbullentpa@ihg.com
Consolata,Sackes,csackespb@ucoz.com
Tiffi,Cattrell,tcattrellpc@stanford.edu
Amii,MacDuff,amacduffpd@opensource.org
Siouxie,Sexcey,
Jennica,Duffus,jduffuspf@auda.org.au
Anny,Cuff,acuffpg@ameblo.jp
Geneva,Caesman,gcaesmanph@woothemes.com
Heda,Bickerstaff,hbickerstaffpi@cnet.com
Fionnula,Messom,fmessompj@umn.edu
Maia,Gooddy,
Alicea,Sidgwick,asidgwickpl@umich.edu
Ronica,Llop,rlloppm@drupal.org
Bobbye,Pehrsson,bpehrssonpn@technorati.com
Fidelity,Monte,fmontepo@google.ca
Berni,Emlen,bemlenpp@cbslocal.com
Allene,Woodwin,awoodwinpq@feedburner.com
Gussy,Braunroth,gbraunrothpr@free.fr
Orelle,Tunbridge,otunbridgeps@shop-pro.jp
Jobi,Gammill,jgammillpt@wp.com
Vinnie,Gilmour,vgilmourpu@senate.gov
Sara-ann,De Normanville,sdenormanvillepv@scribd.com
Wallie,Tessington,wtessingtonpw@oakley.com
Mickie,Carmo,mcarmopx@photobucket.com
Dolorita,Twyning,
Ulrike,Athridge,
Roby,Jimmison,rjimmisonq0@japanpost.jp
Stafani,Scutcheon,sscutcheonq1@chronoengine.com
Tasha,Seson,tsesonq2@loc.gov
Karlotte,Dupey,kdupeyq3@usgs.gov
Shayne,O'Sullivan,sosullivanq4@jimdo.com
Krysta,Bilt,kbiltq5@furl.net
Jsandye,Floweth,jflowethq6@netvibes.com
Amabel,Vautier,avautierq7@wufoo.com
Margarete,Perrot,mperrotq8@disqus.com
Sisely,Tuppeny,stuppenyq9@ft.com
Etta,Espada,eespadaqa@wp.com
Donella,Hutable,dhutableqb@ucla.edu
Cody,Page,cpageqc@google.co.jp
Evey,Gatchel,egatchelqd@devhub.com
Pandora,Yearnsley,pyearnsleyqe@google.co.jp
Francoise,Tatlow,ftatlowqf@qq.com
Livvy,Euesden,leuesdenqg@washingtonpost.com
Jillayne,Pedrazzi,jpedrazziqh@skype.com
Elfreda,Leary,elearyqi@phoca.cz
Loralee,Cosgrive,lcosgriveqj@printfriendly.com
Rebecka,Chessor,rchessorqk@ebay.com
Riva,Bunkle,rbunkleql@oaic.gov.au
Luisa,Exley,lexleyqm@hud.gov
Aimee,Lobbe,alobbeqn@cdbaby.com
Kalila,Meaking,kmeakingqo@behance.net
Laverna,Layzell,llayzellqp@fotki.com
Sonia,Frisch,sfrischqq@soup.io
Christye,Rowthorne,crowthorneqr@storify.com
Elaine,Daniel,edanielqs@paypal.com
Hesther,Willder,hwillderqt@kickstarter.com
Willy,Grimsdell,wgrimsdellqu@slate.com
Christin,Muzzlewhite,cmuzzlewhiteqv@cafepress.com
Sonni,Kerry,skerryqw@springer.com
Allison,Dutchburn,adutchburnqx@gov.uk
Ted,Dowdney,tdowdneyqy@eepurl.com
Goldie,Hoffner,ghoffnerqz@163.com
Myrtle,Zorener,mzorenerr0@devhub.com
Gabi,Kewzick,gkewzickr1@hud.gov
Toby,Hulkes,thulkesr2@amazon.co.jp
Lorrie,Gooderham,lgooderhamr3@trellian.com
Jobey,Djordjevic,jdjordjevicr4@miitbeian.gov.cn
Rebeca,Ornils,rornilsr5@answers.com
Noellyn,Reboul,nreboulr6@myspace.com
Chrissy,Thompstone,cthompstoner7@tamu.edu
Patrizia,Kidston,pkidstonr8@nyu.edu
Vin,Froschauer,vfroschauerr9@ovh.net
Annice,Benedtti,abenedttira@dot.gov
Doti,Beard,dbeardrb@vk.com
Pen,Spencelayh,pspencelayhrc@fema.gov
Donny,Haine,dhainerd@stumbleupon.com
Crysta,Spencook,cspencookre@illinois.edu
Leanna,Bythway,
Nydia,Stouther,nstoutherrg@cbsnews.com
Scarlett,Tomkowicz,stomkowiczrh@mail.ru
Gabrielle,Venmore,gvenmoreri@sogou.com
Yasmin,Waight,ywaightrj@ustream.tv
Maia,Brasher,mbrasherrk@tuttocitta.it
Doralynne,Librey,dlibreyrl@loc.gov
Emmeline,Fillan,efillanrm@yahoo.co.jp
Pippy,Marran,pmarranrn@illinois.edu
Caitlin,St Ledger,cstledgerro@canalblog.com
Ellie,Pitrelli,epitrellirp@desdev.cn
Brigitta,Degoey,bdegoeyrq@dedecms.com
Kalina,Andover,kandoverrr@hugedomains.com
