first_name,last_name,email
Eddi,Kristiansen,ekristiansen0@amazon.com
Celisse,Springate,cspringate1@japanpost.jp
Cassandre,Lamers,clamers2@chronoengine.com
Lavinie,Sabatier,lsabatier3@nationalgeographic.com
Raynell,Brake,rbrake4@microsoft.com
Stacey,Pepperell,spepperell5@amazon.de
Dagmar,Scarre,dscarre6@imgur.com
Nyssa,Dedrick,ndedrick7@jimdo.com
Augustine,Spargo,aspargo8@pcworld.com
Shani,Tern,stern9@home.pl
Maura,Guiraud,mguirauda@etsy.com
Renata,Spread,rspreadb@abc.net.au
Ibby,Matusson,imatussonc@blogs.com
Aeriela,Ullyatt,aullyattd@i2i.jp
Johnette,Kirkbride,jkirkbridee@paypal.com
Addie,Simunek,asimunekf@studiopress.com
Damara,Scoates,dscoatesg@ehow.com
Marigold,Kellough,mkelloughh@huffingtonpost.com
Gilly,Cant,gcanti@bravesites.com
Rona,Alyoshin,ralyoshinj@edublogs.org
Katine,Eames,keamesk@homestead.com
Lark,Suff,lsuffl@hao123.com
Rosalia,Etherson,rethersonm@hostgator.com
Magdaia,Le - Count,mlecountn@ezinearticles.com
Chickie,Sussans,csussanso@mediafire.com
Rana,Dobie,rdobiep@thetimes.co.uk
Pansie,Nial,pnialq@google.it
Sapphire,Kettel,skettelr@springer.com
Wilhelmine,Micheli,wmichelis@hhs.gov
Leela,Daniello,ldaniellot@slashdot.org
Serena,Earlam,searlamu@domainmarket.com
Sissie,Mawne,smawnev@ebay.com
Rory,Bover,rboverw@tripod.com
Nicolle,Jodlkowski,njodlkowskix@stumbleupon.com
Muire,Bysh,mbyshy@accuweather.com
Odetta,McHugh,omchughz@sourceforge.net
Christina,Furphy,cfurphy10@mit.edu
Millisent,Josofovitz,mjosofovitz11@answers.com
Deana,Watterson,dwatterson12@timesonline.co.uk
Andee,Hulme,
Lulu,Fielden,lfielden14@nps.gov
Rosella,Izod,rizod15@cafepress.com
Dinny,Hebdon,dhebdon16@taobao.com
Lebbie,Kelledy,lkelledy17@squidoo.com
Marnie,Doncaster,mdoncaster18@t.co
Ninetta,Hefford,nhefford19@hhs.gov
Kimberli,Boggish,kboggish1a@seattletimes.com
Micky,Chancelier,mchancelier1b@hexun.com
Veronike,Sollom,vsollom1c@instagram.com
Melantha,Whicher,mwhicher1d@cnbc.com
Clementine,Raunds,craunds1e@dropbox.com
Verile,Haeslier,vhaeslier1f@imgur.com
Giulia,Bolmann,gbolmann1g@opera.com
Evangelin,Rubenfeld,erubenfeld1h@woothemes.com
Lyn,McKaile,lmckaile1i@admin.ch
Agace,Woodvine,awoodvine1j@dion.ne.jp
Leann,Twelvetrees,ltwelvetrees1k@china.com.cn
Loella,Tamburo,ltamburo1l@ucoz.com
Damaris,Elverstone,delverstone1m@tumblr.com
Lauralee,Haysom,lhaysom1n@imgur.com
Angelica,Lawranson,alawranson1o@artisteer.com
Joyann,Bromilow,jbromilow1p@microsoft.com
Herminia,Bendle,hbendle1q@github.io
Grayce,Poulney,gpoulney1r@163.com
Malorie,Breakwell,mbreakwell1s@pcworld.com
Lorette,Amis,lamis1t@dailymotion.com
Saundra,Janning,sjanning1u@tripadvisor.com
Elicia,Karle,ekarle1v@nydailynews.com
Sharity,Waleworke,swaleworke1w@chicagotribune.com
Willabella,Destouche,wdestouche1x@arizona.edu
Kristi,Wheatman,kwheatman1y@slate.com
Janis,Spacey,jspacey1z@sfgate.com
Marinna,Charleston,mcharleston20@nyu.edu
Gladi,Lansley,glansley21@nature.com
Melisent,Harsant,mharsant22@unblog.fr
Gabriella,Le Guin,gleguin23@smugmug.com
Rochelle,Eastope,reastope24@pinterest.com
Sandie,Weldon,sweldon25@histats.com
Deedee,Maggiori,dmaggiori26@wikipedia.org
Nicki,Doodson,ndoodson27@prlog.org
Torie,Snaddin,tsnaddin28@creativecommons.org
Miranda,Drinkhall,mdrinkhall29@discovery.com
Helaina,Ginity,hginity2a@auda.org.au
Nike,Colborn,ncolborn2b@economist.com
Edee,Kiely,ekiely2c@skyrock.com
Maryanna,Beall,mbeall2d@state.tx.us
Dianna,Rathjen,drathjen2e@ameblo.jp
Marlyn,Curr,mcurr2f@elegantthemes.com
Lenka,Dufty,ldufty2g@github.io
Perl,Bullion,pbullion2h@arizona.edu
Elvera,Innett,einnett2i@wikispaces.com
Kaycee,Cancott,kcancott2j@indiatimes.com
Queenie,Mynard,qmynard2k@hugedomains.com
Tamarra,Cleyne,tcleyne2l@comsenz.com
Cyndi,Curwood,ccurwood2m@typepad.com
Dulce,Ygo,dygo2n@yolasite.com
Lilly,Pittel,lpittel2o@ezinearticles.com
Carmela,Janowicz,cjanowicz2p@people.com.cn
Mirabelle,Stockau,mstockau2q@jugem.jp
Orsa,Swanton,oswanton2r@netvibes.com
Freda,Wynett,fwynett2s@illinois.edu
Isahella,Drinan,idrinan2t@miitbeian.gov.cn
Jori,Skippon,jskippon2u@purevolume.com
Emogene,Donlon,edonlon2v@prnewswire.com
Roanna,Henze,rhenze2w@miitbeian.gov.cn
Sheilah,Penella,spenella2x@digg.com
Nerita,Bradtke,nbradtke2y@purevolume.com
Koressa,Twatt,ktwatt2z@sciencedirect.com
Louisette,Guilaem,lguilaem30@netlog.com
Haily,Clayworth,hclayworth31@usgs.gov
Gayle,Barcke,gbarcke32@pinterest.com
Gilly,Brear,gbrear33@netlog.com
Noelyn,Murkitt,nmurkitt34@kickstarter.com
Staci,Molfino,smolfino35@merriam-webster.com
Elmira,O'Doireidh,eodoireidh36@blog.com
Gianina,McGarva,gmcgarva37@imageshack.us
Marion,Skirlin,mskirlin38@wikia.com
Renate,Sturdy,rsturdy39@google.ru
Modesty,Bernardez,mbernardez3a@cyberchimps.com
Liane,Glendinning,lglendinning3b@sfgate.com
Bernetta,Minister,bminister3c@uol.com.br
Kirbie,McEvoy,kmcevoy3d@liveinternet.ru
Kanya,Rainsdon,krainsdon3e@phoca.cz
Kirsti,Barson,kbarson3f@boston.com
Marinna,Dobrovolny,mdobrovolny3g@hc360.com
Janey,Bucknell,jbucknell3h@ebay.co.uk
Cindie,Lermouth,clermouth3i@pcworld.com
Lou,Matsell,lmatsell3j@imgur.com
Joyce,Teasell,jteasell3k@adobe.com
Leela,Gerok,lgerok3l@adobe.com
Deina,Broy,dbroy3m@usgs.gov
Joeann,Pinfold,jpinfold3n@stumbleupon.com
Anestassia,Ridoutt,aridoutt3o@people.com.cn
Quinta,Roskam,qroskam3p@nature.com
Claretta,Ratnage,cratnage3q@blogtalkradio.com
Mabel,Kilner,mkilner3r@trellian.com
Cammy,Amorine,camorine3s@who.int
Almeda,Lieb,alieb3t@multiply.com
Floria,Mills,fmills3u@redcross.org
Marissa,Kollach,mkollach3v@sitemeter.com
Dori,Matusiak,dmatusiak3w@bloglines.com
Sibilla,Fragino,sfragino3x@discuz.net
Averil,Recke,arecke3y@theglobeandmail.com
Adriana,Faulkener,afaulkener3z@latimes.com
Linda,Bischof,lbischof40@ameblo.jp
Cynthia,Izachik,cizachik41@latimes.com
Junina,Heck,jheck42@vinaora.com
Catherina,Graham,cgraham43@i2i.jp
Ronni,Brandino,rbrandino44@free.fr
Jenni,Trahmel,jtrahmel45@yellowbook.com
Allegra,Wathen,awathen46@delicious.com
Maura,Lamberts,mlamberts47@163.com
Karin,Crimin,kcrimin48@cnbc.com
Marlee,O'Noland,monoland49@yelp.com
Karia,Bambury,kbambury4a@ehow.com
Thomasa,MacKain,tmackain4b@skype.com
Sophi,Dwelly,sdwelly4c@weebly.com
Mira,Wroath,mwroath4d@google.com.au
Michaeline,Coppledike,mcoppledike4e@moonfruit.com
Susana,Rolance,srolance4f@theglobeandmail.com
Blondie,Loble,bloble4g@usatoday.com
Joellen,Anchor,janchor4h@chicagotribune.com
Arlette,Arni,aarni4i@dagondesign.com
Belicia,Jennins,bjennins4j@posterous.com
Kettie,Ollerton,kollerton4k@g.co
Annabela,Tynewell,atynewell4l@hp.com
Aubree,Ashfield,aashfield4m@paypal.com
Tiffany,Budget,tbudget4n@constantcontact.com
Jordana,Paaso,jpaaso4o@gnu.org
Christin,Westney,cwestney4p@sourceforge.net
Lynnell,Wagg,lwagg4q@npr.org
Aurelea,Briamo,abriamo4r@vk.com
Mona,Hince,mhince4s@columbia.edu
Bunnie,McCrory,bmccrory4t@hc360.com
Ketty,Powderham,kpowderham4u@dailymotion.com
Doll,Melby,dmelby4v@scientificamerican.com
Bambi,Bruff,bbruff4w@so-net.ne.jp
Angela,Pareman,apareman4x@ameblo.jp
Bonnie,Hedaux,bhedaux4y@google.co.uk
Berthe,Dunning,bdunning4z@businessweek.com
Berry,Elfleet,belfleet50@nydailynews.com
Amelita,Cotherill,acotherill51@statcounter.com
Emelia,Capaldi,ecapaldi52@godaddy.com
Nevsa,Garbutt,ngarbutt53@cornell.edu
Oliy,Borghese,oborghese54@java.com
Iseabal,Whaley,iwhaley55@clickbank.net
Kaela,Laurenty,klaurenty56@slate.com
Hannah,Preator,hpreator57@homestead.com
Nanine,Capell,ncapell58@soup.io
Veronike,Scamerden,vscamerden59@reference.com
Ruthanne,Petrashkov,rpetrashkov5a@comsenz.com
Micheline,Juggings,mjuggings5b@cargocollective.com
Perla,Fritchly,pfritchly5c@buzzfeed.com
Carolann,Klosterman,cklosterman5d@blog.com
Gigi,Sebring,gsebring5e@hexun.com
Cybil,Bowler,cbowler5f@istockphoto.com
Anallise,Gamon,agamon5g@reverbnation.com
Kassandra,Neumann,kneumann5h@freewebs.com
Laverna,Kimmings,lkimmings5i@ifeng.com
Glenna,Motherwell,gmotherwell5j@eventbrite.com
Tracie,Queyeiro,tqueyeiro5k@bizjournals.com
Addi,McManamon,amcmanamon5l@shinystat.com
Rina,Stanlake,rstanlake5m@stumbleupon.com
Manda,Rodger,mrodger5n@wufoo.com
Gates,Arbon,garbon5o@nps.gov
Winonah,McClifferty,wmcclifferty5p@ovh.net
Blithe,Oakey,boakey5q@qq.com
Kacey,Sweedy,ksweedy5r@washingtonpost.com
Benedicta,Fullerlove,bfullerlove5s@msu.edu
Mellisa,Carolan,mcarolan5t@alexa.com
Beatrice,Brandrick,bbrandrick5u@wp.com
Joellyn,Cannavan,jcannavan5v@free.fr
Viki,Iggulden,viggulden5w@berkeley.edu
Jacklin,Thal,
Libbie,Sanbroke,lsanbroke5y@pcworld.com
Ellynn,Zoppo,ezoppo5z@icq.com
Alexa,Kubal,akubal60@un.org
Kristel,Repper,krepper61@discuz.net
La verne,Trahearn,ltrahearn62@independent.co.uk
Sherri,Stenbridge,sstenbridge63@mozilla.com
Margarita,Winters,mwinters64@issuu.com
Henryetta,Crowhurst,hcrowhurst65@techcrunch.com
Suzi,Hallas,shallas66@pcworld.com
Oriana,Crewe,ocrewe67@princeton.edu
Jocelin,Bowart,jbowart68@myspace.com
Maible,Heel,mheel69@ucoz.com
Waly,Gerardet,wgerardet6a@unesco.org
Nessy,Broke,nbroke6b@t-online.de
Mechelle,Tetsall,mtetsall6c@sakura.ne.jp
Kippie,Krzyzanowski,kkrzyzanowski6d@japanpost.jp
Carola,Onthank,conthank6e@friendfeed.com
Martelle,Aronoff,maronoff6f@nasa.gov
Leoline,McTrustram,lmctrustram6g@networksolutions.com
Tonia,Catlow,tcatlow6h@about.com
Nanci,Fullard,nfullard6i@phoca.cz
Kaylil,Loomis,kloomis6j@deliciousdays.com
Abbey,Don,adon6k@springer.com
Mersey,Beernaert,mbeernaert6l@printfriendly.com
Morganica,Print,mprint6m@linkedin.com
Onida,Brothers,obrothers6n@gov.uk
Dehlia,Hexam,dhexam6o@oaic.gov.au
Cinnamon,McGaraghan,cmcgaraghan6p@nps.gov
Annis,Edmondson,aedmondson6q@rediff.com
Layne,Kinglesyd,lkinglesyd6r@domainmarket.com
Demetris,Spaldin,dspaldin6s@yelp.com
Sissie,Brearton,sbrearton6t@google.com
Theodosia,Tregona,ttregona6u@va.gov
Gillian,Paolucci,gpaolucci6v@cbslocal.com
Lainey,Verecker,lverecker6w@yandex.ru
Marne,Bassett,mbassett6x@baidu.com
Nata,Pochon,npochon6y@webs.com
Pepita,Otto,potto6z@nih.gov
Gwendolen,Pfiffer,gpfiffer70@china.com.cn
Brunhilda,Humphries,bhumphries71@scientificamerican.com
Milena,Folini,mfolini72@feedburner.com
Ezmeralda,Matuszkiewicz,ematuszkiewicz73@squarespace.com
Georgianna,Woodyatt,gwoodyatt74@amazon.co.uk
Nancee,Bilt,nbilt75@auda.org.au
Helena,Poizer,hpoizer76@google.pl
Nissy,Warlaw,
Jo-ann,Gravener,jgravener78@last.fm
Lorianna,Daskiewicz,ldaskiewicz79@fastcompany.com
Dorothee,Sudddard,dsudddard7a@whitehouse.gov
Dennie,Vasiljevic,dvasiljevic7b@wordpress.org
Mari,Haire,mhaire7c@theatlantic.com
Elena,Cannam,ecannam7d@storify.com
Allix,Derges,aderges7e@aol.com
Corly,Pygott,cpygott7f@chicagotribune.com
Cam,Paprotny,cpaprotny7g@webeden.co.uk
Ida,McElwee,imcelwee7h@zdnet.com
Matti,Perrins,
Kattie,Aickin,kaickin7j@php.net
Idalia,Hentzer,ihentzer7k@sciencedaily.com
Esme,Snaddon,esnaddon7l@yale.edu
Roxanne,Adacot,radacot7m@vkontakte.ru
Roxy,Beaven,rbeaven7n@boston.com
Sarene,Attle,sattle7o@exblog.jp
Zitella,Jost,zjost7p@addthis.com
Dreddy,Robyns,drobyns7q@google.ca
Ophelie,Dungay,odungay7r@technorati.com
Yoko,Cocher,ycocher7s@google.es
Valaree,Ping,vping7t@salon.com
Wini,Pamphilon,wpamphilon7u@imgur.com
Fifine,Harbor,fharbor7v@macromedia.com
Renee,Scipsey,rscipsey7w@npr.org
Jada,Adds,jadds7x@ebay.com
Sybille,Hazell,shazell7y@naver.com
Diann,Blazevic,dblazevic7z@csmonitor.com
Colette,Meo,cmeo80@mit.edu
Aaren,Martijn,amartijn81@deviantart.com
Kaylil,Pottell,kpottell82@ycombinator.com
Tatiana,Blick,tblick83@is.gd
Sybil,Stoves,sstoves84@1688.com
Randie,Grewe,rgrewe85@buzzfeed.com
Tanhya,Peplaw,tpeplaw86@unc.edu
Carlotta,Edmed,cedmed87@nasa.gov
Lona,Haversham,lhaversham88@facebook.com
Diandra,Krolle,dkrolle89@wikispaces.com
Micheline,Laimable,mlaimable8a@e-recht24.de
Aurilia,Greves,agreves8b@umn.edu
Sheeree,Benditt,sbenditt8c@i2i.jp
Hollyanne,Sansum,hsansum8d@dion.ne.jp
Julieta,Suett,jsuett8e@google.pl
Beth,MacGowing,bmacgowing8f@1und1.de
Helenka,Erdes,herdes8g@microsoft.com
Phylis,Franey,pfraney8h@goo.ne.jp
Candra,Mechic,cmechic8i@about.me
Leann,Spall,lspall8j@storify.com
Consolata,Tarren,ctarren8k@usatoday.com
Meade,Rodenborch,mrodenborch8l@ycombinator.com
Linet,Bartaloni,lbartaloni8m@netscape.com
Prissie,Iacapucci,piacapucci8n@dmoz.org
Jackie,Jeafferson,jjeafferson8o@free.fr
Salli,McKleod,smckleod8p@yellowpages.com
Malanie,Chuter,mchuter8q@printfriendly.com
Deva,Feavearyear,dfeavearyear8r@joomla.org
Gerianna,Brundall,gbrundall8s@miibeian.gov.cn
Jackqueline,Scutter,jscutter8t@soup.io
Luz,Wombwell,lwombwell8u@spotify.com
Danyette,Bennough,dbennough8v@lulu.com
Meaghan,Stenson,mstenson8w@discovery.com
Ericka,Balshen,ebalshen8x@nydailynews.com
Tammara,Rove,trove8y@soundcloud.com
Lara,Slevin,lslevin8z@mtv.com
Fannie,Pick,fpick90@bandcamp.com
Gilly,Powder,gpowder91@nifty.com
Walliw,Morrott,wmorrott92@themeforest.net
Kippie,Maylour,kmaylour93@acquirethisname.com
Gretel,Wholesworth,gwholesworth94@goodreads.com
Chelsey,Roskruge,croskruge95@live.com
Susanetta,Ruseworth,sruseworth96@blog.com
Denys,Stearn,dstearn97@ted.com
Tedra,Rickertsen,trickertsen98@hostgator.com
Giovanna,Tillett,gtillett99@tripod.com
Melisande,Rowell,mrowell9a@twitter.com
Anneliese,Cattini,acattini9b@si.edu
Bobina,Wolters,bwolters9c@nbcnews.com
Marysa,Saffin,msaffin9d@domainmarket.com
Elyn,Cliffe,ecliffe9e@pbs.org
Vita,Roseby,vroseby9f@topsy.com
Mommy,Dunkerly,mdunkerly9g@hatena.ne.jp
Jacki,Duddan,jduddan9h@gnu.org
Alaine,Masding,amasding9i@theatlantic.com
Tarra,Ciepluch,tciepluch9j@storify.com
Mimi,Janowicz,mjanowicz9k@meetup.com
Gertie,Byrd,gbyrd9l@youku.com
Dannye,Wherrett,dwherrett9m@hc360.com
Jennine,Fabbri,jfabbri9n@webeden.co.uk
Saidee,MacRannell,smacrannell9o@indiegogo.com
Elsi,Pitcaithly,epitcaithly9p@howstuffworks.com
Nikaniki,Scanlan,nscanlan9q@answers.com
Christian,Laste,claste9r@vistaprint.com
Peggie,Slainey,pslainey9s@bluehost.com
Cinnamon,Vieyra,cvieyra9t@pen.io
Johnette,Sturney,jsturney9u@amazonaws.com
Manya,Southby,msouthby9v@upenn.edu
Lori,Dymond,ldymond9w@over-blog.com
Dinny,Bridgewater,dbridgewater9x@mapquest.com
Marget,Lillee,mlillee9y@xinhuanet.com
Bili,Tissington,btissington9z@marketwatch.com
Delila,Ghest,dghesta0@admin.ch
Willabella,Gotthard,wgottharda1@unc.edu
Lorettalorna,Gammade,lgammadea2@skype.com
Indira,Scollick,iscollicka3@technorati.com
Karil,Geddes,kgeddesa4@huffingtonpost.com
Lia,Callington,lcallingtona5@hibu.com
Helen-elizabeth,Cops,hcopsa6@php.net
Julina,Yakobowitch,jyakobowitcha7@google.es
Jannel,Norvel,jnorvela8@howstuffworks.com
Joete,Siss,jsissa9@webnode.com
Sharron,Tremethack,stremethackaa@sakura.ne.jp
Maggie,Leroux,mlerouxab@bloomberg.com
Wilhelmina,Roch,wrochac@artisteer.com
Emylee,Gonthier,egonthierad@latimes.com
Golda,Tattershaw,gtattershawae@weebly.com
Evonne,Aarons,eaaronsaf@ed.gov
Allene,Mirrlees,amirrleesag@ehow.com
Caritta,McFayden,cmcfaydenah@salon.com
Dionne,Bernaciak,dbernaciakai@indiegogo.com
Wilow,Darth,wdarthaj@berkeley.edu
Kendra,Tamplin,ktamplinak@multiply.com
Clo,Brooksby,cbrooksbyal@timesonline.co.uk
Misha,Priestley,mpriestleyam@wordpress.com
Georgette,Spender,gspenderan@kickstarter.com
Odelinda,Lowing,olowingao@uol.com.br
Sharai,Beardsdale,sbeardsdaleap@cbc.ca
Tonye,Gilchrest,tgilchrestaq@nsw.gov.au
Daveen,Amthor,damthorar@nyu.edu
Doralyn,Marshman,dmarshmanas@imdb.com
Isa,De Laspee,idelaspeeat@va.gov
Gayla,Keable,gkeableau@feedburner.com
Cathie,Nockells,cnockellsav@wufoo.com
Jena,Merrell,jmerrellaw@tuttocitta.it
Mandie,Sell,msellax@csmonitor.com
Kerrill,Reuss,kreussay@icq.com
Cosette,Hellard,chellardaz@usatoday.com
Marieann,Ringe,mringeb0@cyberchimps.com
Wilma,Swanson,wswansonb1@sohu.com
Deanna,Beddow,dbeddowb2@bbc.co.uk
Mathilda,Bartosik,mbartosikb3@4shared.com
Jewel,Pick,jpickb4@wordpress.com
Jania,O'Keenan,jokeenanb5@google.cn
Joceline,Raffin,jraffinb6@adobe.com
Violante,Robillart,vrobillartb7@163.com
Pooh,Froschauer,pfroschauerb8@unc.edu
Rachel,Gwinnel,rgwinnelb9@sphinn.com
Cyndie,MacTeggart,cmacteggartba@noaa.gov
Erminie,Leary,elearybb@huffingtonpost.com
Kimberly,Lamcken,klamckenbc@time.com
Christye,Farron,cfarronbd@tripod.com
Beulah,Meineken,bmeinekenbe@hao123.com
Daniella,Licciardo,dlicciardobf@blogspot.com
Merrile,Clemencet,mclemencetbg@360.cn
Kati,Reece,kreecebh@wordpress.org
Alida,Woodhall,awoodhallbi@prlog.org
Lorettalorna,Merriment,lmerrimentbj@arizona.edu
Brandie,Mallinder,bmallinderbk@godaddy.com
Kessia,Backwell,kbackwellbl@tiny.cc
Tiffanie,Carpmile,tcarpmilebm@feedburner.com
Keriann,Amy,kamybn@nih.gov
Arabel,Agge,aaggebo@slideshare.net
Magdalen,Fisher,mfisherbp@over-blog.com
Pauletta,Gorse,pgorsebq@google.co.uk
Lora,Coper,lcoperbr@ning.com
Elonore,Brewins,ebrewinsbs@dot.gov
Roselle,Grundy,
Albertina,Verrill,averrillbu@weather.com
Joelie,Skouling,jskoulingbv@de.vu
Aarika,McFetrich,amcfetrichbw@va.gov
Aurel,Dibben,adibbenbx@time.com
Clarey,Latliff,clatliffby@apple.com
Caty,Baudains,cbaudainsbz@businesswire.com
Madge,Hawsby,mhawsbyc0@earthlink.net
Heather,Killelea,
Jerrilyn,Artois,jartoisc2@columbia.edu
Carlee,Kunrad,ckunradc3@dell.com
Caye,Martine,cmartinec4@forbes.com
Anabelle,Mapp,amappc5@about.com
Margarete,Bashford,mbashfordc6@alexa.com
Katharine,Letford,kletfordc7@yandex.ru
Christel,Hydes,chydesc8@miibeian.gov.cn
Fleur,Cronk,fcronkc9@exblog.jp
Coralyn,Borleace,cborleaceca@netvibes.com
Leonora,Tanti,ltanticb@xinhuanet.com
Stormy,Roller,srollercc@mit.edu
Effie,Eastwell,eeastwellcd@acquirethisname.com
Lindi,Derx,lderxce@e-recht24.de
Brita,Pargetter,bpargettercf@umn.edu
Shela,Tift,stiftcg@ihg.com
Phyllis,Janicek,
Becka,Pittendreigh,bpittendreighci@si.edu
Tanhya,Fitzpayn,tfitzpayncj@microsoft.com
Bryana,Stovold,bstovoldck@etsy.com
Felicia,Jiroudek,
Meghan,Camies,mcamiescm@prlog.org
Melanie,Ridewood,mridewoodcn@instagram.com
Daloris,Shepstone,dshepstoneco@mozilla.com
Clotilda,Castagneri,
Randie,Thorrington,rthorringtoncq@nps.gov
Randee,Harkus,rharkuscr@imageshack.us
Penelopa,Jirzik,pjirzikcs@wordpress.com
Adrianna,Middlewick,amiddlewickct@samsung.com
Krystalle,Camm,kcammcu@youtu.be
Cherlyn,Riolfi,criolficv@example.com
Martha,Malan,
Wren,Redsell,wredsellcx@oakley.com
Pearline,Cleve,pclevecy@dell.com
Nona,Garstan,ngarstancz@who.int
Samara,Trousdell,strousdelld0@cdc.gov
Cybil,Toffel,ctoffeld1@macromedia.com
Bekki,Wrathmall,bwrathmalld2@eepurl.com
Tobe,Pembridge,tpembridged3@youtu.be
Charlena,Brennan,cbrennand4@marketwatch.com
Missy,Leyland,mleylandd5@typepad.com
Dacey,Seilmann,dseilmannd6@hubpages.com
Shantee,Uttermare,suttermared7@oakley.com
Gilemette,Kenshole,gkensholed8@flickr.com
Mina,Dhennin,mdhennind9@bloomberg.com
Kellyann,Seyffert,kseyffertda@addthis.com
Sophey,Ickovitz,sickovitzdb@clickbank.net
Bren,Brugman,bbrugmandc@latimes.com
Karlotta,Dumblton,kdumbltondd@homestead.com
Jacquenette,Schafer,jschaferde@gravatar.com
Joellen,Saintsbury,jsaintsburydf@arstechnica.com
Melina,Hubbold,mhubbolddg@woothemes.com
Jenni,Meryett,jmeryettdh@discovery.com
Adah,Beesey,abeeseydi@canalblog.com
Laural,O'Halligan,lohalligandj@ocn.ne.jp
Lilas,Toretta,ltorettadk@vkontakte.ru
Codie,Hunnisett,chunnisettdl@squidoo.com
Ann-marie,Janek,
Goldi,McNickle,gmcnickledn@apache.org
Lina,Wardington,lwardingtondo@t-online.de
Jaclyn,Crumpton,jcrumptondp@time.com
Ruthanne,Pleven,rplevendq@123-reg.co.uk
Wenona,Dury,wdurydr@jiathis.com
Hortensia,Macguire,hmacguireds@arizona.edu
Leslie,Acomb,lacombdt@51.la
Janela,Beeze,jbeezedu@ocn.ne.jp
Thia,Pruce,tprucedv@arizona.edu
Susann,Vasilenko,svasilenkodw@acquirethisname.com
Yettie,Brandle,ybrandledx@rambler.ru
Winna,McElroy,wmcelroydy@quantcast.com
Heidi,Threlkeld,hthrelkelddz@forbes.com
Tiff,Rue,truee0@ask.com
Gerladina,Jenicek,gjeniceke1@cyberchimps.com
Georgina,Pickavant,gpickavante2@ucoz.com
Beryle,Avraam,bavraame3@i2i.jp
Betteann,Fantone,bfantonee4@parallels.com
Carlin,Jewster,cjewstere5@wp.com
Mandi,Cribbin,mcribbine6@devhub.com
Karie,Lynes,klynese7@gizmodo.com
Rae,Brownsill,rbrownsille8@si.edu
Charissa,Wailes,cwailese9@wikipedia.org
Sarita,Strass,sstrassea@etsy.com
Ally,Cranch,acrancheb@amazon.co.uk
Nat,Roly,nrolyec@cdbaby.com
Joline,Worms,jwormsed@npr.org
Olimpia,Tallyn,otallynee@ed.gov
Cecilla,Cantero,
Eran,Hannigan,
Robinet,Heddan,rheddaneh@google.it
Myrilla,Dykes,mdykesei@clickbank.net
Gypsy,Brende,gbrendeej@chicagotribune.com
Nessie,Blenkensop,nblenkensopek@vistaprint.com
Drusilla,Foxall,dfoxallel@wufoo.com
Queenie,Scurry,qscurryem@sogou.com
Sonia,Motto,smottoen@smh.com.au
Isabel,Boon,ibooneo@cnn.com
Ilka,Rickhuss,irickhussep@shareasale.com
Christalle,Furzer,cfurzereq@europa.eu
Billie,Tincknell,btinckneller@nbcnews.com
Devin,Kimmons,dkimmonses@ucoz.com
Adrian,Draycott,adraycottet@blog.com
Krysta,Bettington,kbettingtoneu@upenn.edu
Ailey,Megahey,amegaheyev@ovh.net
Amalie,Wayper,awayperew@mapy.cz
Amber,Tritton,atrittonex@ed.gov
Rebekah,Belmont,rbelmontey@slashdot.org
Clare,Giuron,cgiuronez@prweb.com
Linnea,MacCallam,lmaccallamf0@youtube.com
Mame,Lorkin,mlorkinf1@prnewswire.com
Milli,Varvell,mvarvellf2@naver.com
Anna,Ruprecht,
Jolyn,Linnitt,jlinnittf4@microsoft.com
Barbie,Burge,bburgef5@house.gov
Maxie,Wardhaugh,mwardhaughf6@cbslocal.com
Kameko,Rutty,kruttyf7@fotki.com
Cordula,Balsellie,cbalsellief8@blogger.com
Vickie,Farbrace,vfarbracef9@bbb.org
Tabbitha,Lewis,
Essa,Skiplorne,eskiplornefb@princeton.edu
Joletta,Eskell,jeskellfc@bbc.co.uk
Gill,Glenwright,gglenwrightfd@uiuc.edu
Sianna,Proudley,sproudleyfe@miitbeian.gov.cn
Bernetta,Buttrum,bbuttrumff@usatoday.com
Val,Haylands,vhaylandsfg@admin.ch
Cecil,Lancastle,clancastlefh@umn.edu
Clarey,Byram,cbyramfi@netvibes.com
Basia,Clayworth,bclayworthfj@liveinternet.ru
Andeee,Lidierth,alidierthfk@ask.com
Susann,Wadly,swadlyfl@huffingtonpost.com
Eimile,Bouda,eboudafm@bloomberg.com
Gilbertine,Fairbard,gfairbardfn@51.la
Kimberly,MacKniely,kmacknielyfo@bbc.co.uk
Darcy,Leavy,dleavyfp@soundcloud.com
Quintilla,Grebbin,qgrebbinfq@globo.com
Nixie,Ingon,ningonfr@usa.gov
Celestyn,Barrat,cbarratfs@rambler.ru
Helaina,Lowensohn,hlowensohnft@umich.edu
Arabela,Stiegar,astiegarfu@adobe.com
Hyacintha,Giacobini,hgiacobinifv@jalbum.net
Elayne,Edler,eedlerfw@seattletimes.com
Quintina,Woolfoot,qwoolfootfx@wikipedia.org
Kathie,Kynman,kkynmanfy@latimes.com
Amitie,Latan,alatanfz@ehow.com
Tildy,Kunkler,tkunklerg0@samsung.com
Theo,Ousby,tousbyg1@youtu.be
Aurora,Rigbye,arigbyeg2@mail.ru
Elinor,Stoffels,estoffelsg3@adobe.com
Ediva,Brisard,ebrisardg4@people.com.cn
Cicily,Saylor,csaylorg5@wiley.com
Junina,Labroue,jlabroueg6@topsy.com
Lynnette,Duval,
Camel,Howat,chowatg8@fema.gov
Nedda,Hadden,nhaddeng9@google.com
Kerry,Tropman,ktropmanga@imdb.com
Jacquenetta,Handaside,jhandasidegb@marriott.com
Hilda,Gingold,hgingoldgc@nbcnews.com
Juliane,Paradine,jparadinegd@slashdot.org
Joice,Simpkin,jsimpkinge@youku.com
Isidora,Willford,iwillfordgf@cdc.gov
Lianne,O'Driscole,lodriscolegg@yellowbook.com
Lesli,Aldin,laldingh@shinystat.com
Jacinthe,Caltera,jcalteragi@posterous.com
Collen,Wildman,cwildmangj@unc.edu
Kellie,Crownshaw,kcrownshawgk@illinois.edu
Saba,Beckworth,sbeckworthgl@tripod.com
Elmira,Fitzhenry,efitzhenrygm@about.me
Arline,Helleker,ahellekergn@google.ru
Philomena,Seally,pseallygo@issuu.com
Trudi,Wetheril,twetherilgp@nhs.uk
Rickie,Secretan,rsecretangq@purevolume.com
Corenda,Sans,csansgr@pinterest.com
Cyndie,O'Corrin,cocorrings@canalblog.com
Michelina,Pettigree,mpettigreegt@ebay.com
Adriane,Bagenal,abagenalgu@umich.edu
Kattie,Nester,knestergv@lulu.com
Wilone,Cartmill,wcartmillgw@smugmug.com
Gerry,Tharme,gtharmegx@xrea.com
Carline,Tasseler,ctasselergy@seesaa.net
Marjy,Philipp,mphilippgz@msu.edu
Kacie,Winsome,kwinsomeh0@tmall.com
Agace,Danielovitch,adanielovitchh1@shareasale.com
Nessi,MacAulay,nmacaulayh2@spotify.com
Andromache,Woolmer,awoolmerh3@list-manage.com
Cathy,Fearnehough,cfearnehoughh4@biglobe.ne.jp
Norina,Claricoats,nclaricoatsh5@bigcartel.com
Magdalene,Schimke,mschimkeh6@apache.org
Diena,Faircloth,
Wini,Morden,wmordenh8@discovery.com
Meridel,Spalding,mspaldingh9@loc.gov
Anetta,Deniset,adenisetha@nifty.com
Franny,Constant,fconstanthb@boston.com
Lorine,Gianolini,lgianolinihc@nationalgeographic.com
Darell,Slopier,dslopierhd@google.cn
Madelin,Scudder,mscudderhe@livejournal.com
Jorry,Clousley,jclousleyhf@scribd.com
Joane,Borgars,jborgarshg@sakura.ne.jp
Annecorinne,Richley,arichleyhh@yelp.com
Sonnie,Beningfield,sbeningfieldhi@imageshack.us
Athena,Acutt,aacutthj@mac.com
Celia,Josey,cjoseyhk@biblegateway.com
Katey,Fleckney,kfleckneyhl@mlb.com
Maxi,Leggett,mleggetthm@flickr.com
Roda,McFeat,rmcfeathn@globo.com
Iris,MacKimm,imackimmho@bbc.co.uk
Amelie,Isabell,aisabellhp@ucla.edu
Vicki,Thomen,vthomenhq@xinhuanet.com
Holly-anne,Revely,hrevelyhr@upenn.edu
Kathie,Riteley,kriteleyhs@4shared.com
Zilvia,Pearmain,zpearmainht@umich.edu
Trude,Greetham,tgreethamhu@chron.com
Row,Whitsun,rwhitsunhv@sbwire.com
Rebekah,Kubach,rkubachhw@adobe.com
Deena,Vanetti,dvanettihx@dion.ne.jp
Trix,Ridolfo,tridolfohy@odnoklassniki.ru
Elinor,Jerrolt,ejerrolthz@dedecms.com
Genny,Ping,gpingi0@yelp.com
Keslie,McDarmid,kmcdarmidi1@usnews.com
Lacee,Pauletto,lpaulettoi2@senate.gov
Brook,McAuley,bmcauleyi3@seesaa.net
Ellie,Arson,earsoni4@hhs.gov
Constanta,Hendrickx,chendrickxi5@shutterfly.com
Cecelia,Joselevitch,cjoselevitchi6@europa.eu
Goldy,Pickerin,gpickerini7@washington.edu
Kamilah,Erbain,kerbaini8@moonfruit.com
Bessy,Hendren,bhendreni9@freewebs.com
Karmen,Halmkin,khalmkinia@woothemes.com
Juliana,Scad,jscadib@fastcompany.com
Carma,Zotto,czottoic@nytimes.com
Mollee,Mutimer,mmutimerid@wix.com
Malory,Pomphrey,mpomphreyie@addthis.com
Suzie,Greenalf,
Anne-corinne,Shugg,ashuggig@nbcnews.com
Hyacinthe,Veysey,hveyseyih@biblegateway.com
Cecil,Fardy,cfardyii@google.it
Ladonna,McLay,lmclayij@upenn.edu
Evey,Brandon,ebrandonik@vkontakte.ru
Frances,Guillot,fguillotil@earthlink.net
Nonah,Ortell,nortellim@4shared.com
Natividad,Kleinmann,nkleinmannin@cam.ac.uk
Wallie,Ninnoli,wninnoliio@paginegialle.it
Avril,Tuther,atutherip@bizjournals.com
Jaine,Retchford,jretchfordiq@nature.com
Yoko,Huntriss,yhuntrissir@jimdo.com
Guinevere,Isakovic,gisakovicis@engadget.com
Gilbertina,Bullas,gbullasit@altervista.org
Alene,Godspeede,agodspeedeiu@cbslocal.com
Ginevra,Grombridge,ggrombridgeiv@gravatar.com
Sara,Le Claire,sleclaireiw@unicef.org
Carleen,Erridge,cerridgeix@naver.com
Roxine,McGuckin,rmcguckiniy@google.com.hk
Nelly,Antic,nanticiz@yale.edu
Katharyn,Ivushkin,kivushkinj0@vimeo.com
Starla,Van Bruggen,svanbruggenj1@wordpress.com
Devon,Dipple,
Ronda,Partner,rpartnerj3@webs.com
Kessia,Goult,kgoultj4@theguardian.com
Tedda,Grombridge,tgrombridgej5@independent.co.uk
Mirabella,Bonus,mbonusj6@shareasale.com
Julee,Graalmans,jgraalmansj7@netlog.com
Marin,De Bruyne,mdebruynej8@omniture.com
Wynn,Hawkey,whawkeyj9@unc.edu
Dania,Duligal,dduligalja@ezinearticles.com
Wendie,Larking,wlarkingjb@blogs.com
Vinnie,Matcham,vmatchamjc@constantcontact.com
Viole,Sousa,vsousajd@princeton.edu
Heida,Wadly,hwadlyje@ovh.net
Lauraine,Woodlands,lwoodlandsjf@blogs.com
Michel,Ladell,mladelljg@virginia.edu
Cori,Wesson,cwessonjh@va.gov
Brook,Bento,bbentoji@jimdo.com
Halette,Kingscott,hkingscottjj@hp.com
Maribelle,Moughton,mmoughtonjk@gravatar.com
Donetta,Gatecliff,dgatecliffjl@slashdot.org
Blythe,McMurray,bmcmurrayjm@is.gd
Louisa,Steed,lsteedjn@studiopress.com
Isahella,Srawley,israwleyjo@cpanel.net
Tallia,Jefferd,tjefferdjp@independent.co.uk
Trixy,Gatecliff,tgatecliffjq@spiegel.de
Demetria,Wimmers,dwimmersjr@multiply.com
Natalya,Farland,nfarlandjs@nhs.uk
Bernadene,Cashmore,bcashmorejt@furl.net
Leoine,Baseley,lbaseleyju@mashable.com
Sylvia,Burleigh,sburleighjv@msu.edu
Cynthy,Tivolier,ctivolierjw@elegantthemes.com
Ynez,Petroselli,ypetrosellijx@bbb.org
Cele,Pinsent,cpinsentjy@whitehouse.gov
Megan,Lofthouse,mlofthousejz@bbc.co.uk
Ileana,Keighley,ikeighleyk0@cmu.edu
Matilda,Calrow,mcalrowk1@mozilla.org
Gayel,Lepper,glepperk2@naver.com
Sibella,Kingscott,
Gayla,Cockayne,gcockaynek4@chicagotribune.com
Lindsey,Titman,ltitmank5@cargocollective.com
Tonia,Panketh,tpankethk6@ucoz.ru
Genny,Hamblett,ghamblettk7@fda.gov
Nelli,Trobe,ntrobek8@wufoo.com
Florrie,Floweth,fflowethk9@mysql.com
Moselle,Barbary,mbarbaryka@wikispaces.com
Eolande,Spurritt,espurrittkb@jugem.jp
Zitella,McCrossan,zmccrossankc@tripadvisor.com
Sarita,Murton,smurtonkd@umich.edu
Gloriana,Markel,gmarkelke@chronoengine.com
Kimbra,D'Alessandro,kdalessandrokf@cam.ac.uk
Romonda,Tobias,rtobiaskg@studiopress.com
Bianka,Kurtis,bkurtiskh@topsy.com
Aubrie,Todd,atoddki@yelp.com
Fayette,Urey,fureykj@wordpress.com
Jobie,Jerome,jjeromekk@ibm.com
Felicia,Davenall,fdavenallkl@sciencedirect.com
Audra,Meier,ameierkm@barnesandnoble.com
Clarabelle,Aphale,caphalekn@google.com
Sande,Mitten,smittenko@miitbeian.gov.cn
Ulrica,Bufton,ubuftonkp@networkadvertising.org
Teirtza,Measen,tmeasenkq@ed.gov
Dot,Legister,dlegisterkr@dropbox.com
Lauren,Bertenshaw,
Bell,Zanioletti,bzaniolettikt@joomla.org
Ellissa,Hacquard,ehacquardku@hc360.com
Jayne,Pendrid,jpendridkv@printfriendly.com
Aurlie,Plante,aplantekw@skype.com
Anthe,Farran,afarrankx@omniture.com
Andee,Jemison,ajemisonky@buzzfeed.com
Berenice,Hubatsch,bhubatschkz@joomla.org
Berthe,Seemmonds,bseemmondsl0@boston.com
Dominica,Robbie,drobbiel1@phoca.cz
Adriane,Yakovliv,ayakovlivl2@newyorker.com
Billi,Lye,blyel3@google.com.au
Edith,Please,epleasel4@intel.com
Mallorie,McMychem,mmcmycheml5@adobe.com
Orly,Scallan,oscallanl6@census.gov
Stace,Scaife,sscaifel7@constantcontact.com
Ferdinande,Sawood,fsawoodl8@skype.com
Catlin,Richardet,crichardetl9@flavors.me
Carlee,Trinbey,ctrinbeyla@wix.com
Nat,Hearon,nhearonlb@engadget.com
Meggy,Grassot,mgrassotlc@google.com.hk
Madelle,Celier,mcelierld@quantcast.com
Chrissie,Pickerell,cpickerellle@domainmarket.com
Bird,Gabrieli,bgabrielilf@tuttocitta.it
Tammy,Bakster,tbaksterlg@umich.edu
Malorie,Raith,mraithlh@google.fr
Loretta,Yakovliv,lyakovlivli@stumbleupon.com
Gwenni,Dwelling,gdwellinglj@elpais.com
Korie,Hovard,khovardlk@npr.org
Jesselyn,Goatman,jgoatmanll@yale.edu
Jeri,Ralls,jrallslm@engadget.com
Magdalene,Cridlin,mcridlinln@ovh.net
Millie,Porch,mporchlo@sohu.com
Tonie,Cripwell,tcripwelllp@gov.uk
Marjory,Quantrill,mquantrilllq@tinypic.com
Davine,Showen,dshowenlr@twitpic.com
Ermina,Cogdon,ecogdonls@indiatimes.com
Jessalyn,McEntagart,jmcentagartlt@tripod.com
Bette-ann,O' Molan,bomolanlu@sitemeter.com
Laverne,Thys,lthyslv@nymag.com
Kalila,Pescud,kpescudlw@imdb.com
Roseanna,Swindells,rswindellslx@youku.com
Merrilee,Kilty,mkiltyly@twitpic.com
Kathy,Bernhardsson,kbernhardssonlz@addtoany.com
Matelda,Wickardt,mwickardtm0@yahoo.com
Glennie,Berkowitz,gberkowitzm1@upenn.edu
Agatha,Swetland,aswetlandm2@usda.gov
Griselda,Semorad,gsemoradm3@bloomberg.com
Kial,Ronaghan,kronaghanm4@nydailynews.com
Pierrette,Woollaston,pwoollastonm5@washingtonpost.com
Pamela,Girth,pgirthm6@state.gov
Celestine,Scutchings,cscutchingsm7@jiathis.com
Kelly,Laroux,klarouxm8@soup.io
Roz,Toombes,rtoombesm9@alexa.com
Penni,Reay,preayma@pbs.org
Georgianne,Surphliss,gsurphlissmb@1und1.de
Allys,Astlet,aastletmc@addthis.com
Olivette,Gunthorpe,ogunthorpemd@hao123.com
Fan,MacArdle,fmacardleme@narod.ru
Hanna,Bramstom,hbramstommf@mapquest.com
Edi,Curnow,ecurnowmg@forbes.com
Nancee,Copperwaite,ncopperwaitemh@netvibes.com
Sarah,Egleton,segletonmi@webmd.com
Karna,Spurritt,kspurrittmj@hp.com
Lorrie,Uzelli,luzellimk@abc.net.au
Merrily,Bezarra,mbezarraml@google.co.jp
Aprilette,Asling,aaslingmm@weibo.com
Waly,Pyne,wpynemn@ucoz.ru
Beitris,Maciunas,bmaciunasmo@geocities.com
Terrie,Allibon,tallibonmp@vistaprint.com
Augusta,Race,aracemq@bloglovin.com
Savina,Tapply,stapplymr@jimdo.com
Renae,Benting,rbentingms@istockphoto.com
Germana,Heinsh,gheinshmt@salon.com
Giselle,Lempel,glempelmu@forbes.com
Jody,Menhenitt,jmenhenittmv@yale.edu
Elna,Chifney,echifneymw@wordpress.org
Nessa,O'Rudden,noruddenmx@microsoft.com
Cal,Hartus,chartusmy@tumblr.com
Stephana,Farans,sfaransmz@amazon.com
Viola,Devita,vdevitan0@ftc.gov
Ernestine,Berkelay,eberkelayn1@census.gov
Quentin,Witch,qwitchn2@angelfire.com
Hortensia,Skeemor,hskeemorn3@arizona.edu
Dyane,Schade,dschaden4@gravatar.com
Tammie,Cotilard,tcotilardn5@nih.gov
Calida,De Giovanni,cdegiovannin6@yellowbook.com
Milly,Powell,mpowelln7@sohu.com
Danice,Floyde,dfloyden8@rambler.ru
Cristine,Danilevich,cdanilevichn9@umn.edu
Betsy,Ondrousek,bondrousekna@w3.org
Chrysler,Trundell,ctrundellnb@dailymotion.com
Becca,Domenc,bdomencnc@paginegialle.it
Shelba,Brinkley,sbrinkleynd@cbc.ca
Christyna,Cattemull,ccattemullne@springer.com
Jeni,Folonin,jfoloninnf@answers.com
Teddie,Witcombe,twitcombeng@hatena.ne.jp
Nelia,Husset,
Ellissa,Cromley,ecromleyni@npr.org
Cam,Renton,crentonnj@kickstarter.com
Tamqrah,Oldacres,toldacresnk@vinaora.com
Tandie,Muncaster,tmuncasternl@usda.gov
Aurelie,Joutapaitis,ajoutapaitisnm@mit.edu
Briny,Allibon,ballibonnn@surveymonkey.com
Sheeree,Kilty,skiltyno@123-reg.co.uk
Sherye,Cogdon,scogdonnp@ebay.com
Carleen,Lazar,clazarnq@auda.org.au
Karissa,Estable,kestablenr@merriam-webster.com
Lorri,Lyburn,llyburnns@usatoday.com
Ddene,Uphill,duphillnt@princeton.edu
Tabbitha,Halversen,thalversennu@springer.com
Fanni,Jira,fjiranv@gnu.org
Dotty,Echalie,dechalienw@hc360.com
Joyan,Cash,jcashnx@chicagotribune.com
Deb,Sempill,dsempillny@paypal.com
Anthiathia,Cattanach,acattanachnz@columbia.edu
Vicki,Roggerone,vroggeroneo0@tuttocitta.it
Crin,Paszak,cpaszako1@yandex.ru
Beverley,MacFadzean,bmacfadzeano2@4shared.com
Mercedes,Gerkens,mgerkenso3@theatlantic.com
Shawna,Goodey,sgoodeyo4@booking.com
Marianna,Straine,mstraineo5@ft.com
Gerianna,Heeran,gheerano6@slashdot.org
Joletta,Goldbourn,jgoldbourno7@live.com
Zena,Poore,zpooreo8@google.com.hk
Anallese,Trower,atrowero9@japanpost.jp
Annette,Crisp,acrispoa@ca.gov
Fleur,Furney,ffurneyob@blogger.com
Penelopa,Castanares,pcastanaresoc@hugedomains.com
Simona,Vinas,svinasod@marriott.com
Sophi,Greenin,sgreeninoe@cbc.ca
Anne-corinne,Skamell,askamellof@tripod.com
Marybelle,Wetton,mwettonog@home.pl
Robbin,Jobling,rjoblingoh@forbes.com
Maddi,Balharrie,mbalharrieoi@topsy.com
Halie,Yarham,hyarhamoj@tinyurl.com
Chiquita,Gruby,cgrubyok@unblog.fr
Kerrie,Troy,ktroyol@posterous.com
Toinette,Mullaly,tmullalyom@sitemeter.com
Wendye,Caslane,wcaslaneon@alibaba.com
Dasie,Horstead,dhorsteadoo@vimeo.com
Marja,Bothie,mbothieop@ucla.edu
Herta,Cours,hcoursoq@squarespace.com
Kerry,Boagey,kboageyor@usda.gov
Joni,Ferronier,jferronieros@istockphoto.com
Eden,Selway,eselwayot@taobao.com
Beulah,Croft,bcroftou@sciencedirect.com
Hilde,Concannon,hconcannonov@diigo.com
Sheelagh,Beningfield,sbeningfieldow@mit.edu
Rochell,Weatherill,rweatherillox@hhs.gov
Rochette,Colten,rcoltenoy@narod.ru
Marlo,Sleightholme,msleightholmeoz@myspace.com
Vittoria,Rawsthorne,vrawsthornep0@princeton.edu
Carma,Jiracek,cjiracekp1@twitpic.com
Lanna,McCleary,lmcclearyp2@sina.com.cn
Nelie,Stoodale,nstoodalep3@angelfire.com
Siana,Ruhben,sruhbenp4@microsoft.com
Ardelia,Cowx,
Davina,Voase,dvoasep6@accuweather.com
Loni,Raubenheimer,lraubenheimerp7@instagram.com
Stephenie,Vossing,svossingp8@independent.co.uk
Penelope,Spitell,pspitellp9@biglobe.ne.jp
Jennilee,Gibbieson,jgibbiesonpa@ning.com
Kylynn,Bachellier,kbachellierpb@goodreads.com
Delcina,Bewshire,dbewshirepc@dropbox.com
Adriana,Struss,
Georgetta,Commin,gcomminpe@globo.com
Prissie,Everit,peveritpf@cpanel.net
Colly,Branson,cbransonpg@nps.gov
Annetta,Kleint,akleintph@samsung.com
Katrinka,Debney,kdebneypi@free.fr
Elwira,Davey,edaveypj@cyberchimps.com
Ilysa,Fourman,ifourmanpk@miitbeian.gov.cn
Willamina,MacKniely,wmacknielypl@bloomberg.com
Legra,Carress,lcarresspm@shutterfly.com
Lebbie,Criag,lcriagpn@theguardian.com
Moyra,Kirgan,mkirganpo@boston.com
Aila,Beurich,abeurichpp@rambler.ru
Willabella,Gass,wgasspq@paypal.com
Pen,Albury,palburypr@uiuc.edu
Amargo,Slegg,asleggps@tiny.cc
Estell,Checchi,echecchipt@trellian.com
Lilllie,Schach,
Meggi,Coode,mcoodepv@skyrock.com
Alma,Lagne,alagnepw@ft.com
Anastasia,Tatters,atatterspx@prweb.com
Oralle,Clayfield,oclayfieldpy@howstuffworks.com
Janis,Freschi,jfreschipz@narod.ru
Priscella,Riatt,priattq0@shareasale.com
Holli,Crassweller,hcrasswellerq1@parallels.com
Jeanette,Morrell,jmorrellq2@issuu.com
Karlee,Simenet,ksimenetq3@1und1.de
Mollee,Dawidman,mdawidmanq4@angelfire.com
Lara,Darrell,ldarrellq5@mapquest.com
Corene,Klauber,cklauberq6@va.gov
Claresta,Elion,celionq7@fda.gov
Aubry,Jardein,ajardeinq8@gnu.org
Ellissa,Levett,elevettq9@samsung.com
Raquel,Enterlein,renterleinqa@tinyurl.com
Dominique,Lewisham,dlewishamqb@canalblog.com
Jenni,Isakovitch,jisakovitchqc@deviantart.com
Rosene,de Pinna,rdepinnaqd@nasa.gov
Alli,Bauduccio,abauduccioqe@e-recht24.de
Sharity,Vettore,svettoreqf@squarespace.com
Evita,Gjerde,egjerdeqg@dyndns.org
Nance,Matzkaitis,nmatzkaitisqh@apache.org
Kary,Cassey,kcasseyqi@booking.com
Darb,Helgass,dhelgassqj@exblog.jp
Fleur,Le Teve,fleteveqk@shop-pro.jp
Casi,Shepeard,cshepeardql@phoca.cz
Hildagard,Pickersgill,hpickersgillqm@house.gov
Roanne,Bullman,rbullmanqn@narod.ru
Devondra,Goater,dgoaterqo@4shared.com
Krysta,Harrop,kharropqp@archive.org
Adrea,Shipsey,ashipseyqq@storify.com
Nellie,Prugel,nprugelqr@gmpg.org
Koren,Catherall,kcatherallqs@stumbleupon.com
Harrie,Heelis,hheelisqt@sohu.com
Adrienne,Raven,aravenqu@prlog.org
Roanne,Habbijam,rhabbijamqv@cloudflare.com
Misti,McGirl,mmcgirlqw@dailymotion.com
Arlina,McCorkell,amccorkellqx@1688.com
Melisande,Stilwell,mstilwellqy@nature.com
Jennee,Rentoul,jrentoulqz@macromedia.com
Laina,Lamasna,llamasnar0@redcross.org
Antonie,MacPherson,amacphersonr1@uol.com.br
Hortensia,Lockyer,hlockyerr2@e-recht24.de
Roseann,Kareman,rkaremanr3@zdnet.com
Melva,Thurlby,
Darryl,Ellinor,dellinorr5@people.com.cn
Karyn,Rosten,krostenr6@youtu.be
Alida,Wiszniewski,awiszniewskir7@yandex.ru
Clarinda,Dibley,cdibleyr8@google.co.jp
Therese,Richten,trichtenr9@list-manage.com
Alexandrina,Adrain,aadrainra@utexas.edu
Katlin,Faulkner,kfaulknerrb@yelp.com
Serene,Canet,scanetrc@answers.com
Malorie,Hillburn,mhillburnrd@adobe.com
Ivett,Brimman,ibrimmanre@marriott.com
Candice,O' Cloney,cocloneyrf@amazon.de
Gladi,Durdle,gdurdlerg@dailymotion.com
Josephina,Girodon,jgirodonrh@chronoengine.com
Wilma,Brendel,wbrendelri@linkedin.com
Davida,Killshaw,dkillshawrj@51.la
Peria,Huntley,phuntleyrk@diigo.com
Erinn,Richt,erichtrl@freewebs.com
Coralyn,MacDunlevy,cmacdunlevyrm@zimbio.com
Tandy,Flukes,tflukesrn@biglobe.ne.jp
Cam,Crosse,ccrossero@studiopress.com
Marleah,Skellon,mskellonrp@fc2.com
Madlen,Dodworth,mdodworthrq@weather.com
Maddi,Marcam,mmarcamrr@aboutads.info
