first_name,last_name,email
Abram,Gaitskell,agaitskell0@senate.gov
Chas,Lerven,clerven1@issuu.com
Mack,Genike,mgenike2@aol.com
Ganny,Wisdom,gwisdom3@theatlantic.com
Roldan,Frantzeni,rfrantzeni4@vk.com
Reese,Goodbourn,rgoodbourn5@photobucket.com
Lewie,Bakey,lbakey6@goo.gl
Pedro,Bagenal,pbagenal7@about.com
Neill,Blanpein,nblanpein8@yellowbook.com
Corey,Thickin,cthickin9@gravatar.com
Myron,Elleton,melletona@telegraph.co.uk
Brendin,Leopold,bleopoldb@usgs.gov
Dore,Le Blanc,dleblancc@weebly.com
Hinze,Ballance,hballanced@wired.com
Humfrey,Giovannoni,hgiovannonie@printfriendly.com
Tome,Beggs,tbeggsf@zdnet.com
Murdock,Calltone,mcalltoneg@house.gov
Jared,Warby,jwarbyh@163.com
Bennett,Lincke,blinckei@comsenz.com
Prescott,Winscomb,pwinscombj@parallels.com
Sky,McCloch,smcclochk@cnn.com
Dillie,Oiller,doillerl@barnesandnoble.com
Abrahan,Dunkinson,adunkinsonm@exblog.jp
Isaiah,Shearstone,ishearstonen@ucoz.com
Stacy,Lideard,slideardo@reddit.com
Anselm,Yearnes,ayearnesp@so-net.ne.jp
Bale,Gowans,bgowansq@google.co.jp
Virgil,Vila,vvilar@dropbox.com
Spenser,Nisbith,snisbiths@umich.edu
Tony,Lenin,tlenint@bravesites.com
Gage,Guilloud,gguilloudu@163.com
Tye,Annakin,tannakinv@elpais.com
Rutledge,Kell,rkellw@chicagotribune.com
Gail,Barrowcliffe,gbarrowcliffex@abc.net.au
Sanson,Dye,sdyey@artisteer.com
Uri,Covill,ucovillz@wunderground.com
Cedric,Hawkeridge,chawkeridge10@go.com
Rogers,Jaan,rjaan11@devhub.com
Patrizius,Michie,pmichie12@icq.com
Serge,Zammitt,szammitt13@dedecms.com
Flory,Mitchley,fmitchley14@purevolume.com
Gasper,Wild,gwild15@discuz.net
Sandy,Tuer,stuer16@ca.gov
Gabe,Mokes,gmokes17@plala.or.jp
Franciskus,Frowen,ffrowen18@samsung.com
Gradey,Blandamore,gblandamore19@prnewswire.com
Salvador,Foskew,sfoskew1a@blog.com
Olin,Masding,omasding1b@naver.com
Purcell,McGreil,pmcgreil1c@ed.gov
Stanley,Seniour,sseniour1d@is.gd
Duke,Wagen,dwagen1e@canalblog.com
Jone,Andor,jandor1f@google.es
Haydon,Dibner,hdibner1g@google.pl
Gregg,Rae,grae1h@tamu.edu
Eduard,Stonard,estonard1i@deliciousdays.com
Oswell,Mc Trusty,omctrusty1j@digg.com
Cosme,Candy,ccandy1k@un.org
Frazier,La Batie,flabatie1l@wiley.com
Norrie,Kloster,nkloster1m@stanford.edu
Brion,Prium,bprium1n@merriam-webster.com
Niles,Gittins,ngittins1o@tmall.com
Cleveland,Borit,cborit1p@kickstarter.com
Graehme,Nemchinov,gnemchinov1q@hc360.com
Tony,Timms,ttimms1r@qq.com
Judah,Dragon,jdragon1s@list-manage.com
Winfield,Buick,wbuick1t@networkadvertising.org
Shep,Holstein,sholstein1u@loc.gov
Geordie,Capell,gcapell1v@hugedomains.com
Jeromy,Fretter,jfretter1w@mozilla.com
Noach,Lomas,nlomas1x@51.la
Bram,Merrien,bmerrien1y@yelp.com
Pancho,Brauns,pbrauns1z@godaddy.com
Carlie,Urlin,curlin20@instagram.com
Richardo,Cisco,rcisco21@elpais.com
Teodorico,Garham,tgarham22@gravatar.com
Gregg,Lushey,glushey23@google.it
Phillipp,Neylan,pneylan24@theglobeandmail.com
Jessee,Narducci,jnarducci25@google.de
Hank,Knoble,hknoble26@yelp.com
Poul,Strahan,pstrahan27@chicagotribune.com
Consalve,Livesley,clivesley28@theguardian.com
Tedie,Bengtson,tbengtson29@cmu.edu
Claudian,Ciementini,cciementini2a@fda.gov
Silvano,Cowland,scowland2b@noaa.gov
Gerrard,Friese,gfriese2c@pbs.org
Rodrigo,Burkert,
Ellswerth,Tomaskov,etomaskov2e@mysql.com
Pierre,Willans,pwillans2f@goo.gl
Jay,Vobes,jvobes2g@google.pl
Taddeo,Abbate,tabbate2h@163.com
Meredeth,Bozworth,mbozworth2i@blogger.com
Stern,Plumtree,splumtree2j@bravesites.com
Quinlan,Conachy,qconachy2k@wsj.com
Anton,Squibe,asquibe2l@facebook.com
Francois,Tremeer,
Barn,Thridgould,bthridgould2n@mapquest.com
Tam,Layton,tlayton2o@woothemes.com
Isacco,Himpson,ihimpson2p@histats.com
Carmine,Hackley,chackley2q@pinterest.com
Tailor,Hartwell,thartwell2r@hc360.com
Lloyd,Stuffins,lstuffins2s@infoseek.co.jp
Moe,Villalta,mvillalta2t@bigcartel.com
Gris,Gadsden,ggadsden2u@google.co.jp
Elden,Planke,eplanke2v@dailymail.co.uk
Auberon,O'Brollachain,aobrollachain2w@alexa.com
Brennan,Staite,bstaite2x@state.gov
Nico,Currey,ncurrey2y@arizona.edu
Everett,Jee,ejee2z@alibaba.com
Francois,Lile,flile30@weibo.com
Ruby,Treadway,rtreadway31@who.int
Cole,Teideman,cteideman32@umich.edu
Pace,Cran,pcran33@mayoclinic.com
Otis,Gredden,ogredden34@huffingtonpost.com
Augie,Bazire,abazire35@globo.com
Silvester,Addams,saddams36@irs.gov
Valentine,Danielian,vdanielian37@angelfire.com
Ennis,Patinkin,epatinkin38@adobe.com
Rancell,Strangman,rstrangman39@squarespace.com
Curt,Edworthye,cedworthye3a@mit.edu
Salomon,Rudwell,srudwell3b@mtv.com
Leo,Gimenez,lgimenez3c@slashdot.org
Beck,Smallthwaite,bsmallthwaite3d@mozilla.org
Even,Pedrozzi,epedrozzi3e@sbwire.com
Ulric,Sidey,
Tyson,Spain-Gower,tspaingower3g@dailymotion.com
Corbin,Boaler,cboaler3h@whitehouse.gov
Nichole,Atthowe,natthowe3i@printfriendly.com
Ewan,Zannini,ezannini3j@adobe.com
Gottfried,Kennicott,gkennicott3k@mozilla.com
Magnum,Manwell,mmanwell3l@angelfire.com
Rab,Abrehart,rabrehart3m@sfgate.com
Eb,Baldassi,ebaldassi3n@facebook.com
Cy,Orry,corry3o@addtoany.com
Allin,Peeter,apeeter3p@mtv.com
Godfrey,Ciobutaru,gciobutaru3q@cyberchimps.com
Hadlee,Marner,hmarner3r@ifeng.com
Carny,Stoffer,cstoffer3s@yolasite.com
Casper,Goodlett,cgoodlett3t@paginegialle.it
Stu,Simonett,ssimonett3u@virginia.edu
Meir,Pantlin,mpantlin3v@rakuten.co.jp
Stillman,Clemmow,sclemmow3w@bbb.org
Vasilis,Ridges,vridges3x@dropbox.com
Buddie,Zannelli,bzannelli3y@squidoo.com
Oliviero,Gerok,
Dorey,Lasselle,dlasselle40@cnet.com
Theodore,Bernocchi,tbernocchi41@paypal.com
Farley,Culkin,fculkin42@hibu.com
Hammad,Pillington,hpillington43@bizjournals.com
Dermot,Larmour,dlarmour44@craigslist.org
Gerry,Juggings,gjuggings45@addtoany.com
Leroy,Daffern,ldaffern46@ifeng.com
Jamesy,Offen,joffen47@hc360.com
Prent,Vial,pvial48@reference.com
Alden,Worthington,
Powell,Bonnor,pbonnor4a@artisteer.com
Stephan,Larwell,slarwell4b@networksolutions.com
Morgun,Danes,mdanes4c@oakley.com
Finlay,Prettjohn,fprettjohn4d@marriott.com
Zachary,Boyne,zboyne4e@gov.uk
Micheil,Lockhurst,mlockhurst4f@utexas.edu
Maurice,Rawdales,
Davon,Kamiyama,dkamiyama4h@blinklist.com
Garrek,Langlais,glanglais4i@example.com
Saundra,Raven,sraven4j@symantec.com
Iorgo,Druitt,idruitt4k@ucoz.ru
Derrick,McCurtain,dmccurtain4l@xing.com
Jacques,Gliddon,jgliddon4m@bravesites.com
Raff,Bransgrove,rbransgrove4n@github.io
Christian,Clemow,cclemow4o@un.org
Raymond,Laidler,rlaidler4p@scribd.com
Delbert,Guiduzzi,dguiduzzi4q@chronoengine.com
Orton,Gelland,ogelland4r@lulu.com
Leroi,Paslow,lpaslow4s@columbia.edu
Gordie,Tysall,gtysall4t@zdnet.com
Loy,Rowler,lrowler4u@squarespace.com
Cedric,Gwinn,cgwinn4v@stumbleupon.com
Kaspar,Palmer,kpalmer4w@wordpress.com
Ruprecht,Brewers,rbrewers4x@theguardian.com
Keelby,Linsey,klinsey4y@sfgate.com
Welsh,Elsworth,welsworth4z@angelfire.com
Reed,Beagles,rbeagles50@wp.com
Reed,MacMenamie,rmacmenamie51@netvibes.com
Adham,Maunsell,amaunsell52@indiatimes.com
Stanton,Allman,sallman53@typepad.com
Price,Brewett,pbrewett54@nps.gov
Randolph,Widdocks,rwiddocks55@vkontakte.ru
Zolly,Littledyke,zlittledyke56@guardian.co.uk
Jared,MacKenzie,jmackenzie57@bizjournals.com
Saunders,Noyes,snoyes58@wsj.com
Theo,Farey,tfarey59@vinaora.com
Dane,Shillaker,dshillaker5a@nifty.com
Ingrim,Taggett,itaggett5b@wix.com
Lance,Makey,lmakey5c@quantcast.com
Von,Armytage,varmytage5d@wisc.edu
Gilbert,Mackison,gmackison5e@blogger.com
Donny,Dionsetti,ddionsetti5f@wired.com
Cointon,Cornillot,
Giacomo,Chismon,gchismon5h@goo.gl
Raimund,Eykelbosch,reykelbosch5i@blogs.com
Hart,Wilkes,hwilkes5j@multiply.com
Gibb,Hindmoor,ghindmoor5k@paginegialle.it
Oren,Heggman,oheggman5l@sakura.ne.jp
Broderick,Dohrmann,bdohrmann5m@mediafire.com
Patrice,McHenry,pmchenry5n@redcross.org
Brandy,Swaddle,bswaddle5o@booking.com
Gil,Rimour,grimour5p@so-net.ne.jp
Teador,Bullivent,tbullivent5q@un.org
Rickert,Comar,rcomar5r@studiopress.com
Law,Lisett,llisett5s@cbc.ca
Garrick,Insole,ginsole5t@msu.edu
Hieronymus,Ferrey,hferrey5u@amazon.co.jp
Constantino,Sent,csent5v@google.it
Berny,Peppard,bpeppard5w@phoca.cz
Reagan,Lacase,rlacase5x@1688.com
Rodrick,Renison,rrenison5y@sina.com.cn
Nollie,Abelwhite,nabelwhite5z@youtu.be
Sigismond,Rose,srose60@ycombinator.com
Percy,Ramel,
Ossie,Champney,ochampney62@apache.org
Kaspar,Tilt,ktilt63@sphinn.com
Douglas,Mogridge,dmogridge64@washington.edu
Nowell,Killen,nkillen65@ftc.gov
Kip,Pargent,kpargent66@bandcamp.com
Drud,Biddlecombe,dbiddlecombe67@si.edu
Job,Hatje,jhatje68@parallels.com
Isaac,Budgey,ibudgey69@hubpages.com
Orton,Simko,osimko6a@uiuc.edu
Graig,Finnick,gfinnick6b@csmonitor.com
Ferrell,Ickovitz,fickovitz6c@google.ru
Garreth,Pettman,gpettman6d@businessinsider.com
Griffy,Bairstow,gbairstow6e@4shared.com
Hal,Tansley,htansley6f@constantcontact.com
Tomas,Foxworthy,tfoxworthy6g@freewebs.com
Nickie,Bullivent,nbullivent6h@washington.edu
Beaufort,Dragonette,bdragonette6i@biglobe.ne.jp
Noe,McArthur,nmcarthur6j@ocn.ne.jp
Alford,Ogborne,aogborne6k@guardian.co.uk
Les,Rotherham,lrotherham6l@examiner.com
Shamus,Muris,smuris6m@miibeian.gov.cn
Alyosha,Devas,adevas6n@360.cn
Frank,Dewane,fdewane6o@nyu.edu
Farrel,Bloxholm,fbloxholm6p@blogger.com
Rowan,Gregoretti,rgregoretti6q@nyu.edu
Harlen,Laker,hlaker6r@topsy.com
Claire,Hewson,chewson6s@gmpg.org
Garvey,Dwyr,gdwyr6t@edublogs.org
Lesley,Hennington,lhennington6u@tmall.com
Mohandas,Sicha,msicha6v@photobucket.com
Virge,Walasik,vwalasik6w@live.com
Elwyn,Brevetor,ebrevetor6x@rakuten.co.jp
Xavier,Pinsent,xpinsent6y@mozilla.com
Antonius,Carruthers,acarruthers6z@edublogs.org
Petr,Demaine,pdemaine70@ehow.com
Rodd,Ashe,rashe71@xing.com
Lukas,Vipan,lvipan72@cam.ac.uk
Brandon,Allum,ballum73@issuu.com
Martainn,Gounot,mgounot74@1und1.de
Sydney,Chong,schong75@list-manage.com
Bondon,Tourne,btourne76@privacy.gov.au
Brendon,Alleyn,balleyn77@about.com
Maje,Ginnane,mginnane78@lulu.com
Ulick,Dandison,udandison79@joomla.org
Zachariah,Mainland,zmainland7a@histats.com
Dave,Dripp,ddripp7b@lycos.com
Tremayne,Brafield,tbrafield7c@hugedomains.com
Jozef,Cathel,jcathel7d@mapy.cz
Nolan,Van den Oord,nvandenoord7e@thetimes.co.uk
Mayor,Renny,mrenny7f@economist.com
Chaunce,Hibling,chibling7g@foxnews.com
Ernest,Timewell,etimewell7h@washingtonpost.com
Jamesy,Battabee,jbattabee7i@chicagotribune.com
Paulo,Fowlston,pfowlston7j@mashable.com
Walker,Shilleto,wshilleto7k@baidu.com
Enoch,Mateja,emateja7l@addtoany.com
Kirk,Vigietti,kvigietti7m@php.net
Cleveland,Coatman,ccoatman7n@jimdo.com
Karlik,Threadgall,kthreadgall7o@simplemachines.org
Ward,Reace,wreace7p@narod.ru
Dev,Balhatchet,dbalhatchet7q@cisco.com
Sergio,Kuhndel,skuhndel7r@histats.com
Stephen,How to preserve,showtopreserve7s@ow.ly
Jeramey,Ballin,jballin7t@cdc.gov
Donavon,Fawbert,dfawbert7u@domainmarket.com
Ervin,Cagan,ecagan7v@msu.edu
Addy,Margram,amargram7w@miitbeian.gov.cn
Augustus,Sprason,asprason7x@vimeo.com
Farley,Bilbrook,fbilbrook7y@bandcamp.com
Kermie,Croneen,kcroneen7z@whitehouse.gov
Alonso,Elcom,aelcom80@goodreads.com
Bard,Cordova,bcordova81@gmpg.org
Crichton,Shefton,cshefton82@indiatimes.com
Hubert,Stittle,hstittle83@elpais.com
Norris,Dominichelli,ndominichelli84@google.com.hk
Yorgos,Thaxter,
Dal,Bouller,dbouller86@narod.ru
Bendicty,Dziwisz,bdziwisz87@quantcast.com
Sarge,Butterfint,sbutterfint88@ucoz.com
Traver,Eagar,teagar89@nasa.gov
Tibold,Girdler,tgirdler8a@over-blog.com
Eldon,Lockner,elockner8b@gnu.org
Rowen,Grundy,rgrundy8c@digg.com
Drugi,Eich,deich8d@nasa.gov
Erl,Groneway,egroneway8e@hp.com
Birk,Redshaw,bredshaw8f@csmonitor.com
Yorgo,Deners,ydeners8g@tripod.com
Gradeigh,Baude,gbaude8h@archive.org
Gordan,De Blase,gdeblase8i@yelp.com
Davin,Harmer,dharmer8j@gmpg.org
Emmet,Coopper,ecoopper8k@netvibes.com
Rick,Tackle,rtackle8l@prweb.com
Erhard,O' Dooley,eodooley8m@reuters.com
Nealon,Crowcum,ncrowcum8n@163.com
Marietta,Massey,mmassey8o@trellian.com
Igor,Gain,igain8p@sun.com
Lorne,Ketteridge,lketteridge8q@blogspot.com
Salomon,Osbaldeston,sosbaldeston8r@google.co.uk
Vladamir,Endean,vendean8s@unblog.fr
Leicester,Yelding,lyelding8t@statcounter.com
Bertrando,Gabbidon,bgabbidon8u@a8.net
Jerad,Twiddy,jtwiddy8v@ebay.com
Jerrome,Dannohl,jdannohl8w@miibeian.gov.cn
Herman,Wallicker,hwallicker8x@time.com
Malvin,Siddeley,msiddeley8y@vimeo.com
Hanan,Vondrasek,
Derrik,Spowart,dspowart90@abc.net.au
Hillary,McMurty,hmcmurty91@photobucket.com
Anson,Coopey,acoopey92@wsj.com
Gregg,Dolbey,gdolbey93@youtu.be
Chaim,Kleanthous,ckleanthous94@irs.gov
Corty,Antosch,cantosch95@yale.edu
Sigmund,Anespie,sanespie96@geocities.com
Ferguson,Milleton,fmilleton97@accuweather.com
Shannon,Gibbons,sgibbons98@simplemachines.org
Glyn,Salling,gsalling99@indiatimes.com
Vic,Varns,vvarns9a@umn.edu
Gonzalo,Drinkhill,gdrinkhill9b@answers.com
Abba,Moseby,amoseby9c@princeton.edu
Fred,Caldecott,fcaldecott9d@squarespace.com
Kippar,Kopfen,kkopfen9e@thetimes.co.uk
Ludovico,Page,lpage9f@bandcamp.com
Elliot,Danilewicz,edanilewicz9g@google.it
Tremaine,Burchill,tburchill9h@mtv.com
Roderich,Cudworth,rcudworth9i@edublogs.org
Taber,Thwaite,tthwaite9j@nifty.com
Brett,Filippozzi,bfilippozzi9k@kickstarter.com
Wendell,Moakes,wmoakes9l@bizjournals.com
Piotr,Pattemore,ppattemore9m@yelp.com
Abel,Wanell,awanell9n@columbia.edu
Sawyer,Gingold,sgingold9o@cnet.com
Dimitri,Leavesley,dleavesley9p@bizjournals.com
Fraser,Windebank,fwindebank9q@ihg.com
Win,Liggett,wliggett9r@ucoz.com
Phillipp,Dunbobbin,pdunbobbin9s@odnoklassniki.ru
Felice,Sevitt,fsevitt9t@wikipedia.org
Jeffrey,Climpson,jclimpson9u@nytimes.com
Brucie,Simonett,
Arther,Camings,acamings9w@ning.com
Haywood,Aris,haris9x@clickbank.net
Tommy,Trow,ttrow9y@npr.org
Lewes,Stable,lstable9z@51.la
Theo,Paute,tpautea0@narod.ru
Chancey,De Carteret,cdecartereta1@wikia.com
Wally,Wederell,wwederella2@thetimes.co.uk
Jerri,Maulden,jmauldena3@webmd.com
Barnabas,Warratt,bwarratta4@statcounter.com
Bernarr,Ceci,bcecia5@theglobeandmail.com
Baxter,Cockerill,bcockerilla6@ucla.edu
Koenraad,Swidenbank,kswidenbanka7@angelfire.com
Heall,Parnham,hparnhama8@privacy.gov.au
Wain,Gatecliff,wgatecliffa9@reference.com
Mason,Boschmann,mboschmannaa@cisco.com
Stanislas,Fardon,sfardonab@hhs.gov
Jakie,Julyan,jjulyanac@ted.com
Arnie,Schops,aschopsad@dailymail.co.uk
Aube,Millington,amillingtonae@barnesandnoble.com
Demott,Toxell,dtoxellaf@cbc.ca
Morley,Figgess,mfiggessag@time.com
Basile,Hearl,bhearlah@cyberchimps.com
Wyatt,Hattam,whattamai@ox.ac.uk
Ernesto,Nisen,enisenaj@oaic.gov.au
Arvin,McKew,amckewak@smugmug.com
Lovell,Janout,ljanoutal@bloglines.com
Dario,Erswell,derswellam@wikimedia.org
Edwin,Wombwell,ewombwellan@google.com.br
Vanya,Leppingwell,vleppingwellao@slideshare.net
Gerhardt,Baxstare,gbaxstareap@seesaa.net
Brian,Gemeau,bgemeauaq@taobao.com
Uriel,Breton,ubretonar@techcrunch.com
Vite,Burberow,vburberowas@loc.gov
Solly,Newlands,snewlandsat@google.com
Irwinn,Sambiedge,isambiedgeau@wikipedia.org
Gasparo,Fotitt,gfotittav@house.gov
Mike,Mayo,mmayoaw@yellowbook.com
Bruce,Pawlick,bpawlickax@ovh.net
Carl,De la Zenne,cdelazenneay@feedburner.com
Fremont,Goodbarr,fgoodbarraz@hubpages.com
Kelwin,Hamner,khamnerb0@geocities.jp
Philbert,Pietsma,ppietsmab1@google.it
Grover,Jorge,gjorgeb2@cargocollective.com
Earlie,Sealand,esealandb3@weebly.com
Tedman,Upjohn,tupjohnb4@china.com.cn
Warren,Pailin,wpailinb5@cargocollective.com
Octavius,Leupold,oleupoldb6@virginia.edu
Sancho,Stabbins,sstabbinsb7@prnewswire.com
Chadd,Counihan,ccounihanb8@ning.com
Terrell,Males,
Mayne,Hartmann,mhartmannba@mapquest.com
Ailbert,Scorah,ascorahbb@smh.com.au
Arvie,Shanks,ashanksbc@homestead.com
Monte,Willman,mwillmanbd@ow.ly
Mel,Schleicher,mschleicherbe@admin.ch
Aristotle,Crayke,acraykebf@japanpost.jp
Reinaldos,Astbury,rastburybg@state.tx.us
Moritz,Tuftin,mtuftinbh@com.com
Shepard,Laxston,slaxstonbi@typepad.com
Sergent,Silly,ssillybj@wordpress.com
Milton,Romei,mromeibk@ftc.gov
Gallagher,Morot,gmorotbl@shutterfly.com
Yvor,Rentoll,yrentollbm@google.cn
Patty,Ellissen,pellissenbn@jalbum.net
Berty,Carsberg,bcarsbergbo@mayoclinic.com
Sandy,Baggarley,sbaggarleybp@webs.com
Chrissie,Gyse,cgysebq@cornell.edu
Daniel,Fidgin,dfidginbr@wikia.com
Reuben,Bauduccio,rbauducciobs@ibm.com
Monroe,Vaggers,mvaggersbt@opera.com
Birk,Othen,bothenbu@lycos.com
Yulma,Josefsohn,yjosefsohnbv@google.co.uk
Artair,Attrie,aattriebw@sourceforge.net
Bastien,Kilfoyle,bkilfoylebx@patch.com
Pincas,Benzie,pbenzieby@wufoo.com
Georges,Arnaudon,garnaudonbz@google.com.hk
Geoff,Nicholas,gnicholasc0@blogspot.com
Tymothy,Reimers,treimersc1@hc360.com
Wakefield,Guerrin,wguerrinc2@arstechnica.com
Taddeusz,Preddy,tpreddyc3@prlog.org
Erasmus,Sirmond,esirmondc4@youku.com
Had,Archley,harchleyc5@stanford.edu
Jeffrey,Konmann,jkonmannc6@friendfeed.com
Quincy,Kinmond,qkinmondc7@berkeley.edu
Terrance,Dearness,tdearnessc8@statcounter.com
Ebenezer,Devey,edeveyc9@google.ru
Dougie,Sherr,dsherrca@squarespace.com
Raimundo,Oldridge,roldridgecb@bloglines.com
Brucie,Pavelin,bpavelincc@sciencedirect.com
Flint,Keller,fkellercd@chron.com
El,Landeg,elandegce@nbcnews.com
Delmor,De Bruijn,ddebruijncf@seesaa.net
Orson,Tomankowski,otomankowskicg@forbes.com
Troy,Blinkhorn,tblinkhornch@is.gd
Wake,Flaunders,wflaundersci@twitter.com
Verge,Prangley,vprangleycj@1und1.de
Rustie,Bratch,rbratchck@wired.com
Westley,McFeate,wmcfeatecl@fastcompany.com
Prentice,Glencros,pglencroscm@chronoengine.com
Parker,Dorward,pdorwardcn@smugmug.com
Leonard,Crouch,lcrouchco@pagesperso-orange.fr
Georas,Olner,golnercp@phoca.cz
Osmund,MacNucator,omacnucatorcq@bizjournals.com
Thebault,Kingsnode,tkingsnodecr@163.com
Whitman,Brugger,wbruggercs@google.ru
Aristotle,Beed,abeedct@edublogs.org
Curt,Romanet,cromanetcu@cyberchimps.com
Duke,Trewhitt,dtrewhittcv@friendfeed.com
Andreas,Lillee,alilleecw@nydailynews.com
Hamish,Bettis,hbettiscx@cisco.com
Hastie,Pala,hpalacy@webnode.com
Matthew,Etheridge,metheridgecz@gravatar.com
Hayward,Palin,hpalind0@hud.gov
Harper,Peert,hpeertd1@discuz.net
Arnie,Sabatier,asabatierd2@livejournal.com
Aldrich,Kindall,akindalld3@fc2.com
Jard,Palmar,jpalmard4@cornell.edu
Tabb,McNeish,
Avery,Dunbleton,adunbletond6@behance.net
Nowell,Betancourt,nbetancourtd7@sciencedirect.com
Aldin,Ralls,arallsd8@hhs.gov
Alejoa,Cosgrave,
Eduard,Nunan,enunanda@japanpost.jp
Maximo,Shearmer,mshearmerdb@cpanel.net
Floyd,Phebey,fphebeydc@technorati.com
Desi,Griswood,dgriswooddd@clickbank.net
My,Augar,maugarde@godaddy.com
Wolf,Andreaccio,wandreacciodf@a8.net
Pincus,Frisby,pfrisbydg@sogou.com
Sarge,Longrigg,slongriggdh@thetimes.co.uk
Barrett,Rudledge,
Lewes,Shearsby,lshearsbydj@army.mil
Gibbie,Matthias,gmatthiasdk@fastcompany.com
Haskell,Swayte,hswaytedl@yolasite.com
Renaud,Gobel,rgobeldm@unesco.org
Kristofor,Hexum,khexumdn@oracle.com
Garvey,Gisbye,ggisbyedo@cyberchimps.com
Rafe,Delort,rdelortdp@paypal.com
Clyve,Miroy,cmiroydq@symantec.com
Cozmo,Benian,cbeniandr@4shared.com
Avigdor,Ancell,aancellds@ocn.ne.jp
Maison,Lydiatt,mlydiattdt@springer.com
Ade,Durtnall,adurtnalldu@nifty.com
Wyn,Keysall,wkeysalldv@newsvine.com
Bryce,Fumagallo,bfumagallodw@europa.eu
Francklyn,Standage,fstandagedx@dion.ne.jp
Jerald,McGillecole,jmcgillecoledy@sphinn.com
Karl,Corrin,kcorrindz@mlb.com
Coop,Matuschek,cmatuscheke0@cbc.ca
Lawrence,Janeway,ljanewaye1@reddit.com
Hubie,McCrystal,hmccrystale2@kickstarter.com
Guido,Petyanin,gpetyanine3@youku.com
Huey,Birchwood,
Yanaton,Oury,yourye5@linkedin.com
Marv,Maneylaws,mmaneylawse6@feedburner.com
Murdoch,Magnar,mmagnare7@elpais.com
Hallsy,Pedlow,hpedlowe8@springer.com
Beniamino,Cutajar,bcutajare9@huffingtonpost.com
Esme,McGairl,emcgairlea@mysql.com
Dalis,Shoesmith,dshoesmitheb@nhs.uk
Ogdan,Davenhill,odavenhillec@npr.org
Frasquito,Pellant,fpellanted@umn.edu
Vincenz,Morcom,vmorcomee@dmoz.org
Jules,Rizzardini,jrizzardinief@hp.com
Fair,Gawthrop,fgawthropeg@storify.com
Gherardo,Gajewski,ggajewskieh@trellian.com
Adrien,Rangle,arangleei@comcast.net
Dory,Reffe,dreffeej@admin.ch
Cullin,Nurden,cnurdenek@epa.gov
Sonnie,Cullity,scullityel@yellowbook.com
Ewen,Effaunt,eeffauntem@webnode.com
Rockey,Braime,rbraimeen@example.com
Trevor,Galtone,tgaltoneeo@tripadvisor.com
Rog,Odlin,rodlinep@nps.gov
Serge,Sharp,ssharpeq@example.com
Jeremias,Gerriessen,jgerriessener@yandex.ru
Archambault,Reynoollds,areynoolldses@ucla.edu
Forest,Water,fwateret@yahoo.com
Maurie,Pretswell,mpretswelleu@hostgator.com
Roldan,MacDunlevy,rmacdunlevyev@barnesandnoble.com
Hervey,Toppes,htoppesew@flickr.com
Kaleb,Coplestone,kcoplestoneex@techcrunch.com
Archie,Oxtaby,aoxtabyey@mozilla.org
Colin,Chattock,cchattockez@simplemachines.org
Randie,Tenny,rtennyf0@google.ca
Cary,Lillo,clillof1@loc.gov
Pascale,Delgadillo,pdelgadillof2@gizmodo.com
Adrien,Pinnocke,apinnockef3@microsoft.com
Richard,Slowgrave,rslowgravef4@smugmug.com
Arni,Palley,apalleyf5@360.cn
Rorke,Josh,rjoshf6@google.es
Whitby,Side,wsidef7@marketwatch.com
Perren,Spofforth,pspofforthf8@theguardian.com
Gray,Gilluley,ggilluleyf9@umn.edu
Jeth,Bartrum,jbartrumfa@google.de
Tomlin,Dutnall,tdutnallfb@reference.com
Nichols,Older,nolderfc@cmu.edu
Chester,Cote,
Drew,Cursey,dcurseyfe@icio.us
Lind,Crimes,lcrimesff@gov.uk
Marco,Wilne,mwilnefg@prweb.com
Tanner,Leyfield,tleyfieldfh@stanford.edu
Garrot,Mordey,gmordeyfi@mediafire.com
Alessandro,Ferreres,aferreresfj@fema.gov
Bryn,Balazot,bbalazotfk@psu.edu
Husein,Kirimaa,hkirimaafl@uol.com.br
Alley,O'Hear,aohearfm@blogs.com
Sullivan,Perritt,sperrittfn@yelp.com
Antonino,Wadforth,awadforthfo@networksolutions.com
Ricky,Stormonth,rstormonthfp@elpais.com
Oby,Kennington,okenningtonfq@pinterest.com
Aldo,Mytton,amyttonfr@china.com.cn
Jere,Harberer,jharbererfs@ox.ac.uk
Temp,Youtead,tyouteadft@soup.io
Niven,Titmuss,ntitmussfu@newsvine.com
Hamlen,Ramsier,hramsierfv@gmpg.org
Bink,Clipson,bclipsonfw@upenn.edu
Hyatt,Trynor,htrynorfx@blogspot.com
Wald,Blooman,wbloomanfy@ucla.edu
Feliks,Bowskill,
Yanaton,Solley,ysolleyg0@apple.com
Stillman,Ridges,sridgesg1@home.pl
Avrom,Surgeon,asurgeong2@indiegogo.com
Claybourne,McDuff,cmcduffg3@icq.com
Micah,Agge,maggeg4@pagesperso-orange.fr
Nester,Millam,nmillamg5@typepad.com
Trev,Bonus,tbonusg6@yelp.com
Phillip,Warrillow,pwarrillowg7@cargocollective.com
Kimble,Clucas,kclucasg8@jalbum.net
Trent,Titcomb,
Ivar,Hauch,ihauchga@ft.com
Addy,De Carteret,adecarteretgb@mediafire.com
Carny,Collishaw,ccollishawgc@apple.com
Barret,Hurne,bhurnegd@cloudflare.com
Ellswerth,Rain,erainge@taobao.com
Stanislas,Faulo,sfaulogf@shareasale.com
Ernst,Forbes,eforbesgg@europa.eu
Eldredge,Speachley,espeachleygh@bizjournals.com
Oliviero,Wiggington,owiggingtongi@weather.com
Wood,Lafaye,wlafayegj@free.fr
Hewet,Dymidowski,hdymidowskigk@va.gov
Raymund,Hazeley,rhazeleygl@thetimes.co.uk
Rogers,Kanwell,rkanwellgm@who.int
Odey,Narbett,onarbettgn@virginia.edu
Hazel,Trewartha,htrewarthago@opera.com
Ogdon,Babbidge,obabbidgegp@pinterest.com
Regan,Dunwoody,rdunwoodygq@google.co.jp
Salim,Arnout,sarnoutgr@washingtonpost.com
Monte,Dansey,mdanseygs@typepad.com
Donovan,Yeiles,dyeilesgt@yahoo.com
Neale,Filinkov,nfilinkovgu@unblog.fr
Odo,Firby,ofirbygv@reuters.com
Bern,Grzegorzewicz,bgrzegorzewiczgw@bloglovin.com
Felix,Hark,fharkgx@com.com
Onfre,Mussalli,
Bartholomew,Brandon,bbrandongz@spiegel.de
Rocky,Miall,rmiallh0@addtoany.com
Bruis,McCloid,bmccloidh1@arizona.edu
Alasdair,Siddeley,asiddeleyh2@photobucket.com
Joshia,Baggallay,jbaggallayh3@google.fr
Nickola,Thumann,nthumannh4@google.com.hk
Angeli,Scranney,ascranneyh5@google.es
Federico,Tumini,ftuminih6@jigsy.com
Nealy,Francom,nfrancomh7@ucsd.edu
Mead,Pleuman,mpleumanh8@hud.gov
Gianni,Hayth,ghaythh9@mit.edu
Brig,Ruseworth,bruseworthha@nyu.edu
Derron,Mazella,dmazellahb@youtube.com
Ole,Crooks,ocrookshc@sphinn.com
Colet,Cowle,ccowlehd@miitbeian.gov.cn
Phillipp,Somner,psomnerhe@yolasite.com
Gustave,Kleimt,gkleimthf@moonfruit.com
Maurice,Swayton,mswaytonhg@cafepress.com
Sylvester,Cluet,scluethh@hatena.ne.jp
Felic,Witul,fwitulhi@cbsnews.com
Allan,Estick,aestickhj@foxnews.com
Sal,Parlet,sparlethk@1und1.de
Godfrey,Fitzackerley,gfitzackerleyhl@cocolog-nifty.com
Gaile,Willoughby,gwilloughbyhm@sciencedaily.com
Wainwright,Cirlos,wcirloshn@themeforest.net
Gerardo,Nelissen,gnelissenho@va.gov
Jordon,Dumbarton,jdumbartonhp@booking.com
Darby,Barfford,dbarffordhq@ucoz.ru
Dennie,Skewes,dskeweshr@ycombinator.com
Egan,Mimmack,emimmackhs@tripadvisor.com
Bartel,Arrol,barrolht@arstechnica.com
Pall,Dedney,pdedneyhu@slashdot.org
Nefen,Lassey,nlasseyhv@woothemes.com
Irwinn,Harron,
Rodolph,Whopples,rwhoppleshx@dyndns.org
Vachel,Witnall,vwitnallhy@newyorker.com
Ivar,Eastmead,ieastmeadhz@abc.net.au
Abramo,Dri,adrii0@yahoo.com
Fran,Andover,fandoveri1@i2i.jp
Demetri,Paulton,dpaultoni2@blogs.com
Horst,Ambrosio,hambrosioi3@unblog.fr
Reinold,Michieli,rmichielii4@mtv.com
Roosevelt,Klaessen,rklaesseni5@spiegel.de
Chip,Armand,carmandi6@cnn.com
Fabiano,McAirt,fmcairti7@ycombinator.com
Maxie,Gantzman,mgantzmani8@deliciousdays.com
Devin,Henniger,dhennigeri9@seesaa.net
Dev,Apperley,dapperleyia@g.co
Axel,Gummer,agummerib@addthis.com
Sig,Schimann,sschimannic@simplemachines.org
Shurlock,Leverich,sleverichid@blogger.com
Remus,Biddulph,rbiddulphie@netvibes.com
Antons,Moukes,amoukesif@surveymonkey.com
Wiley,Overlow,woverlowig@yelp.com
Wiatt,Sansum,wsansumih@pbs.org
Cirstoforo,Joist,
Dante,Alexandersen,dalexandersenij@phpbb.com
Nataniel,Scare,nscareik@people.com.cn
Sly,Rief,sriefil@about.me
Cort,Paoletti,cpaolettiim@com.com
Dillie,Gianiello,dgianielloin@cnet.com
Bertram,Slott,bslottio@pagesperso-orange.fr
Morie,Durbyn,mdurbynip@economist.com
Roma,Feaster,rfeasteriq@ezinearticles.com
Ross,Barthelemy,rbarthelemyir@statcounter.com
Royal,Dallmann,rdallmannis@vistaprint.com
Welby,McKew,wmckewit@ask.com
Birch,Simenet,bsimenetiu@elegantthemes.com
Sebastian,Schaffel,sschaffeliv@ebay.co.uk
Ezri,Gillcrist,egillcristiw@berkeley.edu
Patricio,Hicken,phickenix@vkontakte.ru
Roy,Trevallion,
Archaimbaud,Rojas,arojasiz@friendfeed.com
Allie,Killen,akillenj0@examiner.com
Hernando,Crolly,hcrollyj1@spiegel.de
Durante,Ferres,dferresj2@reuters.com
Hurley,Daens,
Constantine,Ruben,crubenj4@berkeley.edu
Val,Pidwell,vpidwellj5@google.com.au
Fletcher,Funcheon,ffuncheonj6@pcworld.com
Raoul,Morse,rmorsej7@simplemachines.org
Daryle,Simper,dsimperj8@zimbio.com
Rodrique,Milesap,rmilesapj9@telegraph.co.uk
Sandro,Rochford,srochfordja@ucoz.ru
Elmer,Swinnerton,eswinnertonjb@alexa.com
Dewain,Breznovic,dbreznovicjc@china.com.cn
Berke,Bonefant,bbonefantjd@cbslocal.com
Syd,Abba,
Briano,Croom,bcroomjf@nhs.uk
Tomlin,Roberto,trobertojg@theguardian.com
Odell,Mattersey,omatterseyjh@spiegel.de
Napoleon,Grisewood,ngrisewoodji@odnoklassniki.ru
Ali,Geldeard,ageldeardjj@tripadvisor.com
Nigel,Morot,nmorotjk@mayoclinic.com
Pearce,Scyone,pscyonejl@google.com.hk
Guido,Maple,gmaplejm@imdb.com
Neddie,Posner,nposnerjn@latimes.com
Ode,Haselup,ohaselupjo@washingtonpost.com
Care,Aldie,caldiejp@macromedia.com
Kennett,Cochern,kcochernjq@github.com
Ulrick,Texton,utextonjr@umn.edu
Bord,Pigford,bpigfordjs@psu.edu
Daryle,Knight,dknightjt@163.com
Inglis,Crandon,
Solomon,Pressdee,spressdeejv@reverbnation.com
Marlowe,Svanetti,msvanettijw@jalbum.net
Theodor,McPhillimey,tmcphillimeyjx@unblog.fr
Che,Bain,cbainjy@fema.gov
Selig,Wickens,swickensjz@vimeo.com
Onfroi,Shepherdson,oshepherdsonk0@ucoz.com
Demott,Tregenza,dtregenzak1@constantcontact.com
Field,Lelliott,flelliottk2@wufoo.com
Inglebert,Tow,itowk3@smh.com.au
Barbabas,Lucius,bluciusk4@chronoengine.com
Sandor,Cheater,scheaterk5@eventbrite.com
Urbano,Mullins,umullinsk6@stumbleupon.com
Berton,Abdie,babdiek7@digg.com
Axel,MacArthur,amacarthurk8@gmpg.org
Errick,Jentet,ejentetk9@dropbox.com
Farlee,Maypes,fmaypeska@yahoo.com
Ed,Chomiszewski,echomiszewskikb@geocities.com
Ludvig,Fish,lfishkc@theguardian.com
Lorrie,Dwyer,ldwyerkd@infoseek.co.jp
Clarke,Shoebrook,cshoebrookke@vistaprint.com
Hilary,Fibbens,hfibbenskf@reverbnation.com
Dunstan,Jamary,djamarykg@washington.edu
Pedro,Hoyte,phoytekh@blogs.com
Lowell,Mallison,lmallisonki@cbslocal.com
Lewes,Blincowe,lblincowekj@list-manage.com
Bernarr,Roarty,broartykk@ebay.co.uk
Pooh,Wildblood,pwildbloodkl@networksolutions.com
Montague,Belly,mbellykm@163.com
Oliviero,Rathbourne,orathbournekn@amazon.de
Skip,Thumann,sthumannko@hatena.ne.jp
Raleigh,Blacktin,rblacktinkp@icq.com
Lionel,Paddie,lpaddiekq@google.nl
Van,Biasioli,vbiasiolikr@blogger.com
Dylan,Grandison,dgrandisonks@flavors.me
Harald,Pill,hpillkt@dion.ne.jp
Gilles,Russ,grussku@mac.com
Janos,Julien,
Armand,Alexsandrovich,aalexsandrovichkw@europa.eu
Clevey,Stare,cstarekx@bbc.co.uk
Lyn,Cesco,lcescoky@symantec.com
Giusto,Reeder,greederkz@economist.com
Edgard,Smewings,esmewingsl0@clickbank.net
Walton,Lugsdin,wlugsdinl1@tinyurl.com
Herbie,Sleford,hslefordl2@scientificamerican.com
Gaylor,Cowlard,gcowlardl3@patch.com
Benedict,Woolf,bwoolfl4@bizjournals.com
Gaile,Lambarton,glambartonl5@dion.ne.jp
Spense,Zannini,szanninil6@blogs.com
Vincenz,Hudleston,vhudlestonl7@smh.com.au
Alanson,Roscrigg,aroscriggl8@java.com
Hunt,Hansell,hhanselll9@who.int
Tait,Emsley,temsleyla@163.com
Willis,MacCaffrey,wmaccaffreylb@liveinternet.ru
Knox,Zorzetti,kzorzettilc@sakura.ne.jp
Arny,Haylett,ahaylettld@google.com.au
Devland,Handaside,dhandasidele@goodreads.com
Heywood,Giovannazzi,hgiovannazzilf@google.co.jp
Reynold,Elfleet,relfleetlg@mayoclinic.com
Augie,Matthews,amatthewslh@boston.com
Moritz,Spottswood,mspottswoodli@cdbaby.com
Avrom,Cohan,acohanlj@wiley.com
Cirillo,Feldbau,cfeldbaulk@deviantart.com
Gal,Ledford,gledfordll@berkeley.edu
Freddy,Nickols,fnickolslm@nba.com
Bill,Friese,bfrieseln@technorati.com
Normand,Nuscha,nnuschalo@time.com
Shae,Cyster,scysterlp@linkedin.com
Garold,Kinnard,gkinnardlq@wufoo.com
Herold,Firman,hfirmanlr@goo.gl
Giuseppe,Durman,gdurmanls@mtv.com
Ade,Jeandin,ajeandinlt@si.edu
Jayson,Domeney,jdomeneylu@deviantart.com
Waiter,Domengue,wdomenguelv@state.gov
Nappy,Vicioso,nviciosolw@sina.com.cn
Lindon,Coaker,lcoakerlx@usa.gov
Tom,Kynman,tkynmanly@cdbaby.com
Eldredge,Kinnett,ekinnettlz@arstechnica.com
Arnuad,Sachno,asachnom0@adobe.com
Mano,Jarrelt,mjarreltm1@vkontakte.ru
Ari,Newby,anewbym2@yandex.ru
Farrell,Paxeford,fpaxefordm3@newyorker.com
Frederick,Alexandersen,falexandersenm4@rambler.ru
Francois,Adshed,fadshedm5@springer.com
Free,Applegarth,fapplegarthm6@delicious.com
Travers,Kettlestringe,tkettlestringem7@shop-pro.jp
Hashim,Bernardy,hbernardym8@usda.gov
Barrie,Bennis,bbennism9@msu.edu
Grady,Bewick,gbewickma@vkontakte.ru
Ewart,MacMeanma,emacmeanmamb@bbc.co.uk
Wittie,Philippard,wphilippardmc@linkedin.com
Bogart,Stanluck,bstanluckmd@diigo.com
Rene,Fearns,rfearnsme@nymag.com
Marshal,Bertelsen,mbertelsenmf@ovh.net
Cosme,Durran,cdurranmg@wikimedia.org
Ramon,Coldbath,rcoldbathmh@wp.com
Sylvan,Fryers,sfryersmi@mapy.cz
Sherman,Blasio,sblasiomj@squarespace.com
Diarmid,Birtonshaw,dbirtonshawmk@hc360.com
Bartholomeus,MacRannell,bmacrannellml@merriam-webster.com
Wallace,Vatcher,wvatchermm@elpais.com
Ferdie,Benjefield,fbenjefieldmn@purevolume.com
Delainey,Larmouth,dlarmouthmo@wix.com
Charles,Dorrins,cdorrinsmp@usgs.gov
Abram,Guerrieri,aguerrierimq@plala.or.jp
Payton,Kemble,pkemblemr@sitemeter.com
Jayme,Le Grand,jlegrandms@who.int
Pavel,Jeanequin,pjeanequinmt@sciencedaily.com
Benedick,Revett,brevettmu@ted.com
Elijah,Torri,etorrimv@house.gov
Shaine,Crosoer,scrosoermw@oakley.com
Reade,Bromehead,rbromeheadmx@wikipedia.org
Chrotoem,Klich,cklichmy@upenn.edu
Northrup,McOnie,
Neron,Filyushkin,nfilyushkinn0@unesco.org
Ibrahim,Charlewood,icharlewoodn1@phoca.cz
Wally,Kezor,
Charlie,Spincke,cspincken3@alexa.com
Dav,Brahan,dbrahann4@nps.gov
Bradford,Bratty,bbrattyn5@icio.us
Tedie,Sporle,tsporlen6@dailymail.co.uk
Joseito,Maytom,jmaytomn7@census.gov
Alon,Walsom,awalsomn8@sogou.com
Dun,Nuccii,dnucciin9@howstuffworks.com
Bertie,Ewers,bewersna@edublogs.org
Friedrich,Devenport,fdevenportnb@rakuten.co.jp
Burke,Juckes,bjuckesnc@time.com
Kalvin,Camings,kcamingsnd@hubpages.com
Tibold,Whitecross,twhitecrossne@un.org
Bert,Brothwood,bbrothwoodnf@cnbc.com
Weider,Gildersleeve,wgildersleeveng@ted.com
Bone,Enderlein,
Vladamir,Mearing,vmearingni@last.fm
Domenico,Beedie,dbeedienj@multiply.com
Hashim,Southard,hsouthardnk@ucsd.edu
Felix,Coal,fcoalnl@w3.org
Ronny,Neachell,rneachellnm@sitemeter.com
Englebert,Lightwing,elightwingnn@bloomberg.com
Isidor,McQuilkin,imcquilkinno@senate.gov
Morie,Giral,mgiralnp@cpanel.net
Pascal,Mulvany,pmulvanynq@shareasale.com
Warde,Fouch,wfouchnr@mayoclinic.com
Renato,Lynde,rlyndens@boston.com
Giff,Dickson,gdicksonnt@smugmug.com
Roscoe,Biddlecombe,rbiddlecombenu@sciencedirect.com
Bear,Mc Menamin,
Hermon,Gwin,hgwinnw@unesco.org
Hall,Duns,hdunsnx@t-online.de
Carlin,Lardier,clardierny@ucoz.ru
Griswold,Sowman,gsowmannz@icio.us
Greg,Caine,gcaineo0@artisteer.com
Kimble,Fishe,kfisheo1@ucoz.ru
Davy,McCurley,dmccurleyo2@dyndns.org
Jayme,Arlet,jarleto3@seesaa.net
Nichols,Gypps,ngyppso4@google.es
Gar,Whittock,gwhittocko5@livejournal.com
Oby,Martinot,omartinoto6@ovh.net
Yorke,Vidloc,yvidloco7@adobe.com
Kane,Gercken,kgerckeno8@blog.com
Roderic,Cisland,rcislando9@discovery.com
Gregorius,Fumagallo,gfumagallooa@webs.com
Dirk,Gibberd,dgibberdob@apache.org
Dwain,Agutter,dagutteroc@wisc.edu
Albrecht,Hollingshead,ahollingsheadod@toplist.cz
Lonnie,Clowley,lclowleyoe@ebay.co.uk
Buddie,Ripsher,bripsherof@cdbaby.com
Mord,Halden,mhaldenog@gizmodo.com
Burton,Verillo,bverillooh@cocolog-nifty.com
Kirk,Gonnely,kgonnelyoi@bloglovin.com
Dietrich,Robertucci,
Dennison,Sodor,dsodorok@github.com
Raymund,Wiskar,rwiskarol@nytimes.com
Holmes,McArte,hmcarteom@rambler.ru
Gregg,Longstreeth,glongstreethon@un.org
Petey,Casella,pcasellaoo@cdc.gov
Rod,Hedgeley,rhedgeleyop@alibaba.com
Antony,Salan,asalanoq@ucoz.ru
Udell,Buckam,ubuckamor@vkontakte.ru
Bartlet,Cokly,bcoklyos@surveymonkey.com
Chrissie,Lyddyard,clyddyardot@goodreads.com
Brocky,Emanueli,bemanueliou@nih.gov
Nick,Langdridge,nlangdridgeov@1688.com
Wilmar,Mugglestone,wmugglestoneow@bloglines.com
Irving,Wildt,iwildtox@i2i.jp
Egbert,Rengger,erenggeroy@mit.edu
Maje,Kenton,mkentonoz@google.co.jp
Gunter,Nias,gniasp0@netvibes.com
Decca,Vassay,dvassayp1@mysql.com
Tiler,Thebe,tthebep2@state.tx.us
Obadias,Cullon,ocullonp3@engadget.com
Emilio,Klus,eklusp4@nyu.edu
Davon,McClaurie,dmcclauriep5@adobe.com
Hillel,Goldston,hgoldstonp6@tuttocitta.it
Walton,Cross,wcrossp7@admin.ch
Grantley,Vials,
Salvidor,Tift,stiftp9@timesonline.co.uk
Mickey,Pindred,mpindredpa@google.com.br
Maddy,Jory,mjorypb@opensource.org
Raddie,Wilsee,rwilseepc@ycombinator.com
Dory,Bodley,dbodleypd@infoseek.co.jp
Nicolais,Brommage,nbrommagepe@nature.com
Ralf,Levesque,rlevesquepf@themeforest.net
Martino,Somerton,msomertonpg@ihg.com
Chrisse,Hadenton,chadentonph@free.fr
Pattin,Chung,pchungpi@livejournal.com
Bertram,Lawrenceson,blawrencesonpj@ucoz.ru
Towny,Pailin,tpailinpk@xing.com
Rudd,Boyett,rboyettpl@aboutads.info
Ripley,McPharlain,rmcpharlainpm@gnu.org
Edmon,Benfield,ebenfieldpn@ucla.edu
Pippo,Libri,plibripo@digg.com
Casper,Nottingham,cnottinghampp@forbes.com
Armstrong,Rycraft,arycraftpq@slideshare.net
Royal,Getcliff,rgetcliffpr@wikipedia.org
Karney,Eckford,keckfordps@meetup.com
Laurie,Seed,lseedpt@amazonaws.com
Sidnee,Lombard,slombardpu@wikispaces.com
Arley,Lecky,aleckypv@smh.com.au
Sammie,Schapiro,sschapiropw@qq.com
Gunther,Dummer,gdummerpx@pcworld.com
Haven,Timlett,htimlettpy@comcast.net
Batholomew,Norris,bnorrispz@nydailynews.com
Hobard,Janczak,hjanczakq0@thetimes.co.uk
Quintus,Blaydon,
Morty,Pfeifer,mpfeiferq2@globo.com
Jehu,Guiu,jguiuq3@exblog.jp
Gordy,Crecy,gcrecyq4@soundcloud.com
Vick,Cheer,vcheerq5@msn.com
Nickola,De Vaux,ndevauxq6@joomla.org
Mattheus,Wicher,mwicherq7@angelfire.com
Carl,Feechum,cfeechumq8@usa.gov
Richart,Sarney,rsarneyq9@soup.io
Brian,Kilbourn,bkilbournqa@comcast.net
Ryan,Padefield,rpadefieldqb@nba.com
Wash,Berrisford,wberrisfordqc@google.ca
Hagen,Hails,hhailsqd@dyndns.org
Kimble,Reckhouse,kreckhouseqe@fastcompany.com
Tobit,Farryan,tfarryanqf@phoca.cz
Cornelius,Fomichkin,cfomichkinqg@soundcloud.com
Philip,Goldsworthy,pgoldsworthyqh@discuz.net
Skye,Enbury,senburyqi@lycos.com
Vidovik,Conyer,vconyerqj@symantec.com
Nicol,O'Kenny,nokennyqk@github.io
Rodrique,Helwig,rhelwigql@archive.org
Gasper,Stonary,gstonaryqm@exblog.jp
Burtie,Dannett,bdannettqn@nature.com
Hillary,Kesley,hkesleyqo@instagram.com
Lorne,Nappin,lnappinqp@pagesperso-orange.fr
Erik,Ladson,eladsonqq@yellowbook.com
Mattheus,Yakuntzov,myakuntzovqr@sitemeter.com
Nefen,Madle,nmadleqs@nasa.gov
Osborne,Ledes,oledesqt@usa.gov
Gal,Casero,gcaseroqu@bizjournals.com
Asa,Veillard,aveillardqv@imageshack.us
Stanleigh,Baxendale,sbaxendaleqw@spiegel.de
Franklyn,Verman,fvermanqx@wp.com
Isadore,Farleigh,ifarleighqy@un.org
Marlin,Manshaw,mmanshawqz@businessweek.com
Marshall,Spancock,mspancockr0@abc.net.au
Curtice,Bouchier,cbouchierr1@hubpages.com
Feodor,Tunsley,ftunsleyr2@networkadvertising.org
Berkeley,Fanner,bfannerr3@cpanel.net
Marv,Rieme,mriemer4@auda.org.au
Skelly,Insall,sinsallr5@scientificamerican.com
Timmie,Brighty,tbrightyr6@wp.com
Coop,Dutnall,cdutnallr7@typepad.com
Zedekiah,Lowden,
Grantley,Klimov,gklimovr9@hibu.com
Emile,Cadogan,
Emelen,Sotworth,esotworthrb@time.com
Guthrie,Gerasch,ggeraschrc@telegraph.co.uk
Sayers,Bergeau,sbergeaurd@ed.gov
Jackson,Tolhurst,jtolhurstre@sourceforge.net
Batholomew,Ducarne,bducarnerf@mapy.cz
Ramsey,Joyson,rjoysonrg@eepurl.com
Trevor,Eliasen,
Gordan,Rawdales,grawdalesri@toplist.cz
Kennan,Ziem,kziemrj@dell.com
Car,Davidescu,cdavidescurk@canalblog.com
Alexandre,Eliesco,aeliescorl@google.it
Rinaldo,Topping,rtoppingrm@businessweek.com
Rab,Jahnke,rjahnkern@marriott.com
Read,Pardie,rpardiero@ft.com
Sholom,Raftery,srafteryrp@epa.gov
Jarrod,Elsdon,jelsdonrq@qq.com
Rafe,Skeete,rskeeterr@examiner.com
