first_name,last_name,email
Miles,Oxx,moxx0@nymag.com
Frazer,Minker,fminker1@europa.eu
Vick,Pursehouse,vpursehouse2@webeden.co.uk
Barbabra,Yorath,byorath3@thetimes.co.uk
Haily,Gourley,hgourley4@webmd.com
Lincoln,Coatman,lcoatman5@ezinearticles.com
Arvy,Sidwick,asidwick6@illinois.edu
Babs,Jaksic,bjaksic7@soup.io
Burl,Andrysiak,bandrysiak8@homestead.com
Lanette,Vasilechko,lvasilechko9@vinaora.com
Sacha,Ridulfo,sridulfoa@hibu.com
Holt,Sonnenschein,hsonnenscheinb@youtube.com
Toni,Oakhill,toakhillc@salon.com
Jane,Benterman,jbentermand@businesswire.com
Tressa,Downs,tdownse@arizona.edu
Auberta,Raysdale,araysdalef@so-net.ne.jp
Addison,Lamp,alampg@yelp.com
Robbyn,Bess,rbessh@dropbox.com
Manfred,Lillistone,mlillistonei@miitbeian.gov.cn
Clay,Sambell,csambellj@fc2.com
Loraine,Humfrey,lhumfreyk@cnbc.com
Rosalinde,Dewhurst,rdewhurstl@ycombinator.com
Harlin,Matusiak,hmatusiakm@yale.edu
Colette,Galiero,cgalieron@newyorker.com
Zachariah,Sanney,zsanneyo@barnesandnoble.com
Edmund,Haggard,ehaggardp@mayoclinic.com
Pansie,Pear,ppearq@scribd.com
Charles,Perott,cperottr@scribd.com
Wynn,Norkutt,wnorkutts@addthis.com
Chrystal,Mateus,cmateust@cbsnews.com
Colver,Monument,cmonumentu@hao123.com
Moyna,Iiannone,miiannonev@taobao.com
Goldy,Drury,gdruryw@netvibes.com
Clare,Beacon,cbeaconx@sitemeter.com
Netty,O'Nowlan,nonowlany@globo.com
Silvester,Labro,slabroz@fema.gov
Araldo,Bernaciak,abernaciak10@pen.io
Ignazio,Markey,imarkey11@t.co
Marcelia,Small,msmall12@springer.com
Tommy,Huortic,thuortic13@state.tx.us
Ody,Sher,osher14@about.com
Guendolen,Spinke,gspinke15@mozilla.com
Jase,Florey,jflorey16@netscape.com
Lacee,Volkes,lvolkes17@amazon.co.uk
Abbie,Fraczak,afraczak18@soup.io
Garrot,Giovannini,ggiovannini19@comsenz.com
Elmo,Proppers,eproppers1a@over-blog.com
Gal,Delagnes,gdelagnes1b@cnbc.com
Jed,Hampson,jhampson1c@whitehouse.gov
Barrie,Oman,boman1d@nps.gov
Meridith,Shelsher,mshelsher1e@businesswire.com
Jedd,Beadell,jbeadell1f@java.com
Adriaens,Klousner,aklousner1g@plala.or.jp
Trent,Vass,tvass1h@newyorker.com
Troy,Lightoller,tlightoller1i@hibu.com
Kittie,Geillier,kgeillier1j@google.nl
Godard,Sancraft,gsancraft1k@com.com
Minor,Dorrance,mdorrance1l@issuu.com
Truman,Ryall,tryall1m@barnesandnoble.com
Mildrid,Camous,mcamous1n@cocolog-nifty.com
Eugenio,Wakeling,ewakeling1o@mediafire.com
Maria,Hadley,mhadley1p@shutterfly.com
Euphemia,Axcel,eaxcel1q@is.gd
Dulcie,Elsay,delsay1r@lulu.com
Biddie,Fensome,bfensome1s@mapquest.com
Skyler,De Mitri,sdemitri1t@drupal.org
Jess,Haken,jhaken1u@ihg.com
Dareen,Radborne,dradborne1v@examiner.com
Peggy,Whitewood,pwhitewood1w@people.com.cn
Constantin,Tidswell,ctidswell1x@barnesandnoble.com
Kipp,Cawtheray,kcawtheray1y@weibo.com
Donnell,Allix,dallix1z@1und1.de
Kathe,Elegood,kelegood20@cbslocal.com
Allsun,Domke,adomke21@squidoo.com
Sarita,Growden,sgrowden22@facebook.com
Harriett,Pendreigh,hpendreigh23@phpbb.com
Leila,Bamling,lbamling24@sciencedaily.com
Sauveur,Sanson,ssanson25@themeforest.net
Alistair,Killelay,akillelay26@google.com
Madalyn,Halliday,mhalliday27@prlog.org
Cheslie,Orbine,corbine28@timesonline.co.uk
Daron,Aspden,daspden29@cbsnews.com
Loria,Venart,lvenart2a@newyorker.com
Anton,Tolputt,atolputt2b@fema.gov
Oswell,Bartlosz,obartlosz2c@dedecms.com
Arte,Morstatt,amorstatt2d@gmpg.org
Garrick,Brandsen,gbrandsen2e@lulu.com
Olwen,Borell,oborell2f@google.ca
Stefano,Lodwick,slodwick2g@slate.com
Charissa,Lugden,clugden2h@infoseek.co.jp
Helene,Dammarell,hdammarell2i@histats.com
Lezlie,Ovendon,lovendon2j@photobucket.com
Tim,McGeown,tmcgeown2k@liveinternet.ru
Benedetta,Draco,bdraco2l@nydailynews.com
Jessa,Becket,jbecket2m@linkedin.com
Clarance,Bumpas,cbumpas2n@amazon.com
Arline,Yurocjkin,ayurocjkin2o@blogs.com
Jenifer,Knuckles,jknuckles2p@unesco.org
Blinny,Sibson,bsibson2q@moonfruit.com
Findley,Teague,fteague2r@twitpic.com
Alexandr,Farnell,afarnell2s@google.nl
Ardelia,Blackford,ablackford2t@google.ca
Becki,St. Hill,bsthill2u@wikispaces.com
Brynne,Weems,bweems2v@cafepress.com
Michelle,Shetliff,mshetliff2w@disqus.com
Orsa,Borrowman,oborrowman2x@xinhuanet.com
Deva,Ozanne,dozanne2y@bandcamp.com
Ellerey,Essery,eessery2z@abc.net.au
Felecia,Seres,fseres30@w3.org
Sheff,Eastcourt,seastcourt31@cnet.com
Francois,Tilby,ftilby32@usgs.gov
Shina,Putten,sputten33@opensource.org
Mariejeanne,Algore,malgore34@bing.com
Far,Gauntlett,fgauntlett35@networkadvertising.org
Stanwood,Obert,sobert36@irs.gov
Tonia,Colleran,tcolleran37@purevolume.com
Lisha,Southard,lsouthard38@php.net
Brigida,Clemonts,bclemonts39@sbwire.com
Emelia,Cantillion,ecantillion3a@nba.com
Helenka,De Avenell,hdeavenell3b@goo.ne.jp
Chico,Pagden,cpagden3c@dailymail.co.uk
Hailey,Wardhaw,hwardhaw3d@cbslocal.com
Sonnie,Eckly,seckly3e@salon.com
Jania,Saterweyte,jsaterweyte3f@columbia.edu
Vonni,Earsman,vearsman3g@wiley.com
Felicio,Robeson,frobeson3h@bloglines.com
Correy,Thomassen,cthomassen3i@phpbb.com
Prescott,Flippini,pflippini3j@posterous.com
Teodoro,Gaynes,tgaynes3k@nhs.uk
Freddy,Heasley,fheasley3l@sciencedaily.com
Kassey,Gaitung,kgaitung3m@ftc.gov
Hinda,Mingaud,hmingaud3n@lulu.com
Drusy,Gumme,dgumme3o@unc.edu
Kikelia,Jirka,kjirka3p@google.ru
Kirby,Yuryatin,kyuryatin3q@domainmarket.com
Zsa zsa,Forri,zforri3r@jigsy.com
Ealasaid,Lots,elots3s@nytimes.com
Cornall,McCuffie,cmccuffie3t@cam.ac.uk
Ashely,Lipman,alipman3u@ustream.tv
Clotilda,Beddis,cbeddis3v@deviantart.com
Clarabelle,Davidov,cdavidov3w@usa.gov
Ree,Graybeal,rgraybeal3x@t.co
Ann-marie,Annatt,aannatt3y@ftc.gov
Robenia,Storrie,rstorrie3z@nasa.gov
Lori,Murney,lmurney40@desdev.cn
Candida,Wisbey,cwisbey41@yolasite.com
Seana,Wileman,swileman42@ask.com
Brinn,Dillinton,bdillinton43@dot.gov
Tab,Cinelli,tcinelli44@t-online.de
Cheslie,O'Docherty,codocherty45@cargocollective.com
Jasmin,McNeilley,jmcneilley46@huffingtonpost.com
Salem,Laraway,slaraway47@reverbnation.com
Gilbertina,Brownlea,gbrownlea48@wsj.com
Carmen,Shiel,cshiel49@slashdot.org
Romonda,Gilby,rgilby4a@baidu.com
Rosabel,Mitchener,rmitchener4b@hubpages.com
Garret,Peare,gpeare4c@uiuc.edu
Andie,Pisculli,apisculli4d@sciencedaily.com
Alberto,Pikesley,apikesley4e@ucla.edu
Ree,Nance,rnance4f@ucoz.ru
Marylee,Gierhard,mgierhard4g@t-online.de
Rock,Margett,rmargett4h@dedecms.com
Ezechiel,Snar,esnar4i@unblog.fr
Murial,Tomkin,mtomkin4j@google.pl
Theodosia,Shere,tshere4k@mapy.cz
Tracie,Denial,tdenial4l@icio.us
Chad,Trevers,ctrevers4m@nbcnews.com
Florri,Cornelissen,fcornelissen4n@behance.net
Anita,Brook,abrook4o@weather.com
Marshal,Winterton,mwinterton4p@dedecms.com
Raul,Oxer,roxer4q@google.com.hk
Heinrik,Georgel,hgeorgel4r@marketwatch.com
Orelia,Robuchon,orobuchon4s@deviantart.com
Cass,Bugge,cbugge4t@cornell.edu
Rhody,Cressey,rcressey4u@live.com
Lefty,Vasilik,lvasilik4v@foxnews.com
Zabrina,Cummins,zcummins4w@devhub.com
Enid,Slee,eslee4x@ca.gov
Davey,Maben,dmaben4y@comsenz.com
Emelina,Ortler,eortler4z@apache.org
Alayne,FitzGeorge,afitzgeorge50@ezinearticles.com
Margarette,Smither,msmither51@stanford.edu
Libbey,Wollacott,lwollacott52@bloglovin.com
Lizzy,Yakubovich,lyakubovich53@illinois.edu
Karon,Bulgen,kbulgen54@dmoz.org
Alysia,Baudi,abaudi55@wix.com
Thorsten,Daveran,tdaveran56@alexa.com
Seth,Burds,sburds57@army.mil
Papagena,Massingham,pmassingham58@webeden.co.uk
Gaylene,Chappelow,gchappelow59@about.me
Courtney,Begbie,cbegbie5a@google.com.br
Horton,Keates,hkeates5b@seattletimes.com
Damara,Wedderburn,dwedderburn5c@go.com
Merle,Bloxam,mbloxam5d@bbb.org
Isabelita,Minico,iminico5e@admin.ch
Ingunna,Hammon,ihammon5f@theglobeandmail.com
Beverlie,Antonnikov,bantonnikov5g@nydailynews.com
Phelia,Aldrin,paldrin5h@gnu.org
Chicky,Smetoun,csmetoun5i@naver.com
Daisy,Mulhill,dmulhill5j@virginia.edu
Reinold,Mawer,rmawer5k@over-blog.com
Marti,Greenaway,mgreenaway5l@toplist.cz
Virgie,Charke,vcharke5m@bbc.co.uk
Francois,Apark,fapark5n@google.co.jp
Wylma,Crudge,wcrudge5o@guardian.co.uk
Linda,Berks,lberks5p@house.gov
Christophe,Rosetti,crosetti5q@xinhuanet.com
Myca,Forte,mforte5r@wikia.com
Danita,McFadin,dmcfadin5s@latimes.com
Norris,MacPherson,nmacpherson5t@java.com
Rossy,Cradoc,rcradoc5u@seesaa.net
Temp,Jeannel,tjeannel5v@yellowbook.com
Ichabod,Basnett,ibasnett5w@edublogs.org
Jessalin,Groarty,jgroarty5x@hud.gov
Rosanne,Coster,rcoster5y@fema.gov
Jerrie,Barthelmes,jbarthelmes5z@fotki.com
My,Le Barr,mlebarr60@ed.gov
Corinna,Stadden,cstadden61@noaa.gov
Rosella,Auld,rauld62@ucla.edu
Joachim,Darville,jdarville63@hibu.com
Eberhard,Binyon,ebinyon64@skyrock.com
Lynnell,Malacrida,lmalacrida65@sbwire.com
Holden,Cawcutt,hcawcutt66@wisc.edu
Myrna,Merle,mmerle67@state.gov
L;urette,Bolesma,lbolesma68@ca.gov
Wallis,Provis,wprovis69@about.com
Cheston,Casino,ccasino6a@simplemachines.org
Ramon,Allcock,rallcock6b@ox.ac.uk
Dione,Bythway,dbythway6c@chronoengine.com
Alonso,Costerd,acosterd6d@arstechnica.com
Zandra,Bortol,zbortol6e@wiley.com
Hilary,Ackhurst,hackhurst6f@cdc.gov
Corrie,Filoniere,cfiloniere6g@google.co.jp
Madonna,Cancutt,mcancutt6h@jalbum.net
Iolande,Eppson,ieppson6i@phoca.cz
Romola,Draijer,rdraijer6j@noaa.gov
Leo,Bullin,lbullin6k@apple.com
Dottie,Da Costa,ddacosta6l@yellowpages.com
Lanna,Elloy,lelloy6m@hostgator.com
Halette,Scotsbrook,hscotsbrook6n@tumblr.com
Wald,Sturley,wsturley6o@cbc.ca
Maddi,Milborn,mmilborn6p@dedecms.com
Cyrus,Cheng,ccheng6q@barnesandnoble.com
Timi,Ianetti,tianetti6r@elpais.com
Hagan,Paolacci,hpaolacci6s@chronoengine.com
Rasia,Soot,rsoot6t@archive.org
Fedora,Brehault,fbrehault6u@examiner.com
Gale,Dugald,gdugald6v@seattletimes.com
Sherlock,Sandells,ssandells6w@fda.gov
Efren,Southerns,esoutherns6x@wix.com
Dorothea,Uvedale,duvedale6y@cbsnews.com
Jami,Kaesmakers,jkaesmakers6z@dailymotion.com
Ruthanne,McPherson,rmcpherson70@ask.com
Lissa,Domoney,ldomoney71@instagram.com
Leese,Mayers,lmayers72@google.com
Grenville,Lecount,glecount73@bbc.co.uk
Lynda,Manes,lmanes74@sohu.com
Charlene,Gerty,cgerty75@nature.com
Minta,O'Feeney,mofeeney76@stanford.edu
Louisette,Hainey`,lhainey77@craigslist.org
Ambrosio,Peschka,apeschka78@wp.com
Adlai,Drescher,adrescher79@ibm.com
Ingunna,Boas,iboas7a@sciencedirect.com
Johan,Housiaux,jhousiaux7b@flavors.me
Barby,Schuchmacher,bschuchmacher7c@tripadvisor.com
Joelynn,Issacson,jissacson7d@epa.gov
Bealle,Bernadot,bbernadot7e@unblog.fr
Claudian,Stringfellow,cstringfellow7f@zimbio.com
Jeramie,Gerriessen,jgerriessen7g@delicious.com
Dall,Chaulk,dchaulk7h@soundcloud.com
Sanson,Skurray,sskurray7i@joomla.org
Emmye,Bartosek,ebartosek7j@un.org
Erinn,Brougham,ebrougham7k@seattletimes.com
Annice,Eversley,aeversley7l@abc.net.au
Sonia,Heims,sheims7m@google.com.hk
Porter,Hatje,phatje7n@youku.com
Fionna,Scurrer,fscurrer7o@nifty.com
Gabbi,Berkely,gberkely7p@yale.edu
Lissi,Priditt,lpriditt7q@sfgate.com
Neal,Jouhandeau,njouhandeau7r@wsj.com
Adaline,Egle,aegle7s@fc2.com
Burg,Dommersen,bdommersen7t@fda.gov
Sax,Dowall,sdowall7u@barnesandnoble.com
Eloise,Sickling,esickling7v@sciencedirect.com
Salem,Fauguel,sfauguel7w@ow.ly
Ash,Cowley,acowley7x@wix.com
Hadlee,Maccree,hmaccree7y@hatena.ne.jp
Kordula,Castelin,kcastelin7z@about.me
Andros,Coldridge,acoldridge80@com.com
Wayland,Goosey,wgoosey81@arizona.edu
Ali,Santostefano.,asantostefano82@eepurl.com
Moise,Carss,mcarss83@apple.com
Orson,McGuire,omcguire84@t.co
Frannie,Santhouse,fsanthouse85@dot.gov
Carly,Stinton,cstinton86@deviantart.com
Byrle,Barlace,bbarlace87@boston.com
Terrell,Eyres,teyres88@opera.com
Clio,Rutt,crutt89@twitpic.com
Sullivan,Erickson,serickson8a@ovh.net
Taite,Maunsell,tmaunsell8b@istockphoto.com
Tam,Welchman,twelchman8c@phpbb.com
Andris,Spurden,aspurden8d@mit.edu
Pooh,Grimston,pgrimston8e@nbcnews.com
Theo,Tremain,ttremain8f@princeton.edu
Elna,Van Vuuren,evanvuuren8g@furl.net
Cornall,Blatchford,cblatchford8h@china.com.cn
Lolly,Corteney,lcorteney8i@topsy.com
Ana,Sackler,asackler8j@bloglines.com
Sheryl,Bayley,sbayley8k@mashable.com
Deerdre,Glass,dglass8l@sciencedirect.com
Melody,Weinmann,mweinmann8m@cyberchimps.com
Kaleena,Geary,kgeary8n@indiegogo.com
Reynolds,Ruselin,rruselin8o@ask.com
Gaelan,Quinby,gquinby8p@discovery.com
Berke,Selbach,bselbach8q@opensource.org
Amara,Reade,areade8r@nba.com
Eleanor,Rozenbaum,erozenbaum8s@naver.com
Margette,Swanne,mswanne8t@nifty.com
Karalynn,Richford,krichford8u@gnu.org
Genni,Hansill,ghansill8v@ca.gov
Fanchette,Sommerly,fsommerly8w@psu.edu
Goldia,Burgess,gburgess8x@123-reg.co.uk
Allyn,Verdun,averdun8y@bloomberg.com
Fawn,Vermer,fvermer8z@liveinternet.ru
Brinn,Mortel,bmortel90@theglobeandmail.com
Rhonda,Blandamere,rblandamere91@toplist.cz
Allegra,Pilgrim,apilgrim92@google.com.br
Karrah,Dudderidge,kdudderidge93@webs.com
Adrianna,Luparti,aluparti94@nhs.uk
Johnna,Fitchen,jfitchen95@cmu.edu
Marline,Herche,mherche96@si.edu
Guillema,Steedman,gsteedman97@behance.net
Juliane,Rushmer,jrushmer98@arstechnica.com
Chryste,Delieu,cdelieu99@drupal.org
Ivan,Arkill,iarkill9a@biglobe.ne.jp
Zoe,Burney,zburney9b@cbslocal.com
Fanni,Charles,fcharles9c@woothemes.com
Carissa,Daen,cdaen9d@printfriendly.com
Rochester,Trimmill,rtrimmill9e@noaa.gov
Dreddy,Batterbee,dbatterbee9f@nyu.edu
Clint,Heims,cheims9g@phoca.cz
Devonna,Blampy,dblampy9h@sciencedirect.com
Tessi,Kanzler,tkanzler9i@imgur.com
Idette,Pulsford,ipulsford9j@squidoo.com
Morgana,Hainey`,mhainey9k@a8.net
Gary,McQuode,gmcquode9l@marketwatch.com
Kirsteni,Fergie,kfergie9m@nps.gov
Marcile,Daunay,mdaunay9n@geocities.jp
Florian,Endacott,fendacott9o@behance.net
Corrie,Bottby,cbottby9p@facebook.com
Florence,Dudek,fdudek9q@hud.gov
Farrel,Ardling,fardling9r@goodreads.com
Garrott,Pexton,gpexton9s@hud.gov
Cassondra,Ancketill,cancketill9t@photobucket.com
Florian,Godfray,fgodfray9u@disqus.com
Domenico,Oldfield-Cherry,doldfieldcherry9v@adobe.com
Charlot,Carruthers,ccarruthers9w@goodreads.com
Bennie,Kenninghan,bkenninghan9x@photobucket.com
Mirabel,Randlesome,mrandlesome9y@nymag.com
Edmund,Heinreich,eheinreich9z@prlog.org
Spenser,Matkovic,smatkovica0@vinaora.com
Aili,Bradtke,abradtkea1@github.io
Radcliffe,Skerratt,rskerratta2@nymag.com
Tannie,Besant,tbesanta3@t-online.de
Honoria,Philpotts,hphilpottsa4@exblog.jp
Terrijo,Buffham,tbuffhama5@unc.edu
Carmelita,Bellie,cbelliea6@npr.org
Bailie,Micklewright,bmicklewrighta7@sphinn.com
Victoir,Screase,vscreasea8@go.com
Janeczka,Levet,jleveta9@cbslocal.com
Pat,Kanwell,pkanwellaa@xinhuanet.com
Christoforo,Kermannes,ckermannesab@elpais.com
Belicia,Loseke,blosekeac@acquirethisname.com
Morgen,MacAndreis,mmacandreisad@psu.edu
Ariella,Turfin,aturfinae@amazon.co.jp
Mimi,Lampel,mlampelaf@hao123.com
Whitaker,Bysshe,wbyssheag@earthlink.net
Averil,Crapper,acrapperah@foxnews.com
Georgie,Aidler,gaidlerai@admin.ch
Edward,Maraga,emaragaaj@cocolog-nifty.com
Dougy,Woodfield,dwoodfieldak@shutterfly.com
Shell,Harrell,sharrellal@netlog.com
Edgard,Cornelissen,ecornelissenam@diigo.com
Coreen,Sartain,csartainan@xinhuanet.com
Cathy,Colley,ccolleyao@harvard.edu
Ahmad,Stollwerck,astollwerckap@google.cn
Elena,Exrol,eexrolaq@topsy.com
Teodorico,Illiston,tillistonar@technorati.com
Gloria,Rowaszkiewicz,growaszkiewiczas@patch.com
Clarey,Lusgdin,clusgdinat@hostgator.com
Mable,Martlew,mmartlewau@twitpic.com
Hynda,Aleso,halesoav@indiegogo.com
Dulcia,Samart,dsamartaw@harvard.edu
Merola,Graver,mgraverax@dot.gov
Brandie,Howorth,bhoworthay@opera.com
Rianon,Wimlet,rwimletaz@senate.gov
Carley,Tellenbroker,ctellenbrokerb0@europa.eu
Joanna,Fonso,jfonsob1@artisteer.com
Kristi,Tuttiett,ktuttiettb2@time.com
Agnese,Brookshaw,abrookshawb3@illinois.edu
Alverta,O' Timony,aotimonyb4@taobao.com
Antone,Brooker,abrookerb5@illinois.edu
Bogey,Dillet,bdilletb6@dell.com
Brandea,Batchelour,bbatchelourb7@japanpost.jp
Sadella,Bruckent,sbruckentb8@house.gov
Winifred,Devin,wdevinb9@about.com
Andy,Welman,awelmanba@youku.com
Loralie,Pawden,lpawdenbb@independent.co.uk
Meagan,Syson,msysonbc@51.la
Ade,Vigors,avigorsbd@va.gov
Gordan,Toomey,gtoomeybe@goodreads.com
Silvain,Verny,svernybf@jugem.jp
Tilly,Crusham,tcrushambg@hostgator.com
Laird,Piddock,lpiddockbh@discovery.com
Ettie,Tearle,etearlebi@nih.gov
Charis,Fussie,cfussiebj@soup.io
Orville,Ruste,orustebk@google.it
Ardith,Tackett,atackettbl@springer.com
Maure,Spencelayh,mspencelayhbm@about.me
Pepi,Solan,psolanbn@amazon.co.uk
Padget,Lambrick,plambrickbo@census.gov
Marjory,Marini,mmarinibp@elpais.com
Lavina,Fitzackerley,lfitzackerleybq@wisc.edu
Roy,Caulwell,rcaulwellbr@weather.com
Johnny,Wedderburn,jwedderburnbs@sina.com.cn
Anya,Patience,apatiencebt@digg.com
Janeva,Carle,jcarlebu@github.io
Noni,Spere,nsperebv@adobe.com
Tobin,Farnhill,tfarnhillbw@mit.edu
Shaw,Tobin,stobinbx@auda.org.au
Obidiah,Francombe,ofrancombeby@yellowbook.com
Susan,Franchyonok,sfranchyonokbz@sun.com
Merrel,Merfin,mmerfinc0@yellowbook.com
Harris,Whall,hwhallc1@ifeng.com
Brok,Manolov,bmanolovc2@drupal.org
Mahmud,Sparrowe,msparrowec3@jiathis.com
Witty,Graalman,wgraalmanc4@addtoany.com
Merissa,MacKintosh,mmackintoshc5@va.gov
Loralee,Dunford,ldunfordc6@facebook.com
Mari,Gunthorp,mgunthorpc7@zdnet.com
Huey,Dunniom,hdunniomc8@macromedia.com
Kay,Adamthwaite,kadamthwaitec9@nyu.edu
Marketa,Swadling,mswadlingca@baidu.com
Kelila,Scholcroft,kscholcroftcb@theguardian.com
Kenyon,Heaven,kheavencc@shareasale.com
Sharl,Myrkus,smyrkuscd@hp.com
Rose,Joire,rjoirece@creativecommons.org
Anna-diana,Folds,afoldscf@csmonitor.com
Teddy,Attwell,tattwellcg@guardian.co.uk
Galven,Bambury,gbamburych@ocn.ne.jp
Simona,Hosten,shostenci@geocities.jp
Benni,Cantillion,bcantillioncj@cnet.com
Salvatore,Ewen,sewenck@ovh.net
Roobbie,Kleint,rkleintcl@youku.com
Vern,Leisk,vleiskcm@feedburner.com
Normie,McVey,nmcveycn@cisco.com
Cordy,Roebuck,croebuckco@tamu.edu
Rikki,Askwith,raskwithcp@homestead.com
Adriano,Colbourne,acolbournecq@facebook.com
Maye,Ivakhno,mivakhnocr@ycombinator.com
Lisha,Waddilove,lwaddilovecs@mozilla.com
Demetrius,Hammerich,dhammerichct@nymag.com
Mickey,Sainsbury-Brown,msainsburybrowncu@deliciousdays.com
Georgetta,De Few,gdefewcv@xinhuanet.com
Hatty,Kamena,hkamenacw@zimbio.com
Quinton,Deval,qdevalcx@google.com.hk
Wendel,Chiechio,wchiechiocy@ycombinator.com
Adele,Oswal,aoswalcz@networkadvertising.org
Chan,Giabuzzi,cgiabuzzid0@1688.com
Letti,Pavitt,lpavittd1@bloglines.com
Klarrisa,Chalfain,kchalfaind2@usgs.gov
Shir,Threlfall,sthrelfalld3@fastcompany.com
Angelle,Strephan,astrephand4@indiegogo.com
Nap,Hulbert,nhulbertd5@dyndns.org
Felicity,Volker,fvolkerd6@sun.com
Audrie,Arbor,aarbord7@privacy.gov.au
Shayna,Rosenthal,srosenthald8@hao123.com
Killy,Flott,kflottd9@who.int
Ronda,Menci,rmencida@stanford.edu
Cassandra,Vanichkov,cvanichkovdb@thetimes.co.uk
Reade,Battey,rbatteydc@stumbleupon.com
Yvonne,Riggey,yriggeydd@npr.org
Caron,Windaybank,cwindaybankde@google.nl
Esma,Hadrill,ehadrilldf@stumbleupon.com
Katharina,Auston,kaustondg@flavors.me
Del,Gregoire,dgregoiredh@discovery.com
Patrizio,Fullylove,pfullylovedi@google.pl
Alex,Klemencic,aklemencicdj@blog.com
Arnie,Kilminster,akilminsterdk@netscape.com
Ermanno,Toolin,etoolindl@edublogs.org
Olive,Obey,oobeydm@51.la
Enrique,Kingcote,ekingcotedn@uiuc.edu
Cletus,Branca,cbrancado@slate.com
Pauli,Scadden,pscaddendp@upenn.edu
Cobbie,Fruser,cfruserdq@si.edu
Bertrando,Varran,bvarrandr@phoca.cz
Ric,Joseph,rjosephds@vistaprint.com
Baily,Brinsden,bbrinsdendt@yelp.com
Susanna,Wollaston,swollastondu@businesswire.com
Barry,Altofts,baltoftsdv@yahoo.com
Darin,Meharg,dmehargdw@theatlantic.com
Ashlen,Whitman,awhitmandx@tripod.com
Xena,Sutcliffe,xsutcliffedy@themeforest.net
Giacomo,Wilhelmy,gwilhelmydz@vistaprint.com
Adara,Daily,adailye0@technorati.com
Sheppard,Terrill,sterrille1@nymag.com
Abdul,Deaville,adeavillee2@tamu.edu
Neda,Szymonwicz,nszymonwicze3@mapy.cz
Hastie,Glazer,hglazere4@booking.com
Shani,Keer,skeere5@disqus.com
Vonnie,Wrotham,vwrothame6@who.int
Jsandye,Widdop,jwiddope7@dot.gov
Leena,Cherrett,lcherrette8@timesonline.co.uk
Chase,Esposi,cesposie9@unesco.org
Mark,Quadling,mquadlingea@addthis.com
Gae,Potebury,gpoteburyeb@webeden.co.uk
Donovan,Gilliland,dgillilandec@webmd.com
Sonnie,Bengle,sbengleed@epa.gov
Morry,Vials,mvialsee@wordpress.org
Maria,Jost,mjostef@woothemes.com
Aurilia,Botfield,abotfieldeg@smh.com.au
Jo-ann,Ivanichev,jivanicheveh@networksolutions.com
Elizabet,Chiene,echieneei@loc.gov
Claiborne,Francis,cfrancisej@canalblog.com
Aridatha,Clavey,aclaveyek@bbb.org
Erskine,Kopecka,ekopeckael@amazonaws.com
Belinda,Bosman,bbosmanem@jalbum.net
Flor,Arendt,farendten@dagondesign.com
Jabez,Baiden,jbaideneo@topsy.com
Gallard,Spaight,gspaightep@utexas.edu
Laurice,Yeliashev,lyeliasheveq@netscape.com
Neil,Limb,nlimber@etsy.com
Lina,Neiland,lneilandes@yandex.ru
Lorelei,McGaugey,lmcgaugeyet@narod.ru
Leroi,Saffell,lsaffelleu@goo.ne.jp
Gaylor,Botly,gbotlyev@craigslist.org
Moshe,Petry,mpetryew@statcounter.com
Barb,Danell,bdanellex@csmonitor.com
Ashley,Sebyer,asebyerey@cafepress.com
Staci,Ockwell,sockwellez@sbwire.com
Nessi,Maudett,nmaudettf0@wikipedia.org
Albina,Ashpital,aashpitalf1@reuters.com
Halimeda,Giacomoni,hgiacomonif2@upenn.edu
Esta,Maciocia,emaciociaf3@businessweek.com
Amalie,Navaro,anavarof4@scribd.com
Van,Abley,vableyf5@elegantthemes.com
Robb,Pammenter,rpammenterf6@alexa.com
Martin,Martinolli,mmartinollif7@usa.gov
Cullie,Menezes,cmenezesf8@skyrock.com
Christel,Mease,cmeasef9@t.co
Doll,Northley,dnorthleyfa@tiny.cc
Sherwynd,Ranscombe,sranscombefb@istockphoto.com
Patricia,Towe,ptowefc@google.it
Conney,Kenlin,ckenlinfd@diigo.com
Elizabeth,Frarey,efrareyfe@theguardian.com
Teirtza,Patey,tpateyff@g.co
Leia,Jest,ljestfg@devhub.com
Ricki,Draye,rdrayefh@cloudflare.com
Ardys,Longstreeth,alongstreethfi@google.cn
Valentin,Spieck,vspieckfj@diigo.com
Virgie,Jimpson,vjimpsonfk@bing.com
Winthrop,Paszek,wpaszekfl@oracle.com
Allan,Salvatore,asalvatorefm@sciencedirect.com
Drusy,Winny,dwinnyfn@huffingtonpost.com
Marcelo,Hegden,mhegdenfo@wiley.com
Margret,Dodds,mdoddsfp@pinterest.com
Dave,Sheers,dsheersfq@virginia.edu
Heidie,Mell,hmellfr@i2i.jp
Damian,Dundendale,ddundendalefs@sfgate.com
Georgie,Sutcliff,gsutcliffft@youtube.com
Andee,Dillet,adilletfu@plala.or.jp
Denys,Ghiriardelli,dghiriardellifv@state.tx.us
Petronilla,Johananoff,pjohananofffw@umn.edu
Bobbee,Cleveland,bclevelandfx@macromedia.com
Anett,Becaris,abecarisfy@is.gd
Aurore,Cocks,acocksfz@rakuten.co.jp
Cassius,Schirach,cschirachg0@qq.com
Kahlil,Kix,kkixg1@bbc.co.uk
Abe,Garham,agarhamg2@wp.com
Eulalie,Dobbinson,edobbinsong3@jiathis.com
Danella,Candwell,dcandwellg4@wikia.com
Jack,Cobb,jcobbg5@wordpress.org
Vittoria,McCluney,vmccluneyg6@yellowpages.com
Esdras,Scannell,escannellg7@fema.gov
Shaine,Bulley,sbulleyg8@freewebs.com
Mead,McBean,mmcbeang9@cbc.ca
Taryn,Fishenden,tfishendenga@yelp.com
Hervey,Wraight,hwraightgb@privacy.gov.au
Margi,Wasling,mwaslinggc@booking.com
Christie,Palfrey,cpalfreygd@gravatar.com
Florella,Pococke,fpocockege@flavors.me
Karlee,Frotton,kfrottongf@ning.com
Cherey,Andreacci,candreaccigg@craigslist.org
Trisha,Arents,tarentsgh@netlog.com
Gwen,Asplen,gasplengi@zdnet.com
Kaitlin,Stearn,kstearngj@elpais.com
Becky,Fockes,bfockesgk@cisco.com
Lancelot,Udey,ludeygl@histats.com
Erroll,Bolan,ebolangm@squarespace.com
Annadiana,Haukey,ahaukeygn@oaic.gov.au
Ches,Berecloth,cbereclothgo@spiegel.de
Shaine,Gandley,sgandleygp@i2i.jp
Findley,Howman,fhowmangq@prlog.org
Ulrike,Simnel,usimnelgr@free.fr
Latrena,Chesswas,lchesswasgs@mlb.com
Maryanne,Vernham,mvernhamgt@macromedia.com
Murdock,Ruff,mruffgu@example.com
Jerry,Lamlin,jlamlingv@walmart.com
Ike,Vince,ivincegw@techcrunch.com
Chrisy,Pester,cpestergx@nhs.uk
Archaimbaud,Pigeram,apigeramgy@senate.gov
Maddi,Aucock,maucockgz@vkontakte.ru
Ricky,Saladino,rsaladinoh0@webmd.com
Jacqueline,Buckby,jbuckbyh1@163.com
Filmore,Kiehnlt,fkiehnlth2@yolasite.com
Bernadina,Rogan,broganh3@ca.gov
Gabbi,Legrand,glegrandh4@examiner.com
Ebony,Slight,eslighth5@arstechnica.com
Hunfredo,Merioth,hmeriothh6@hibu.com
Rorke,Baxstare,rbaxstareh7@reuters.com
Lockwood,Malacrida,lmalacridah8@theatlantic.com
Rosetta,Yarnell,ryarnellh9@sogou.com
Dwain,Agar,dagarha@about.com
Sacha,Mourgue,smourguehb@yelp.com
Dom,Bantick,dbantickhc@kickstarter.com
Helsa,Drydale,hdrydalehd@desdev.cn
Valle,Ledwich,vledwichhe@cbslocal.com
Cull,Wylam,cwylamhf@biblegateway.com
Torrie,Nelthorpe,tnelthorpehg@com.com
Carlie,Beedom,cbeedomhh@xrea.com
Eugenio,Opdenorth,eopdenorthhi@4shared.com
Wolfgang,Godmar,wgodmarhj@vkontakte.ru
Michell,Skurray,mskurrayhk@hibu.com
Ignazio,Philot,iphilothl@zdnet.com
Loretta,Jeannequin,ljeannequinhm@edublogs.org
Chip,Kline,cklinehn@google.com
Gino,Keats,gkeatsho@icio.us
Penny,Chataignier,pchataignierhp@noaa.gov
Marianna,Aspin,maspinhq@wikimedia.org
Ruthe,Knappen,rknappenhr@earthlink.net
Fayina,Rowes,froweshs@twitter.com
Daffy,Karpinski,dkarpinskiht@craigslist.org
Ami,Renac,arenachu@fotki.com
Laney,Canadine,lcanadinehv@cbsnews.com
Adolphus,Biasini,abiasinihw@toplist.cz
Sarene,Duny,sdunyhx@taobao.com
Benni,Phillis,bphillishy@ft.com
Vincenty,Goldfinch,vgoldfinchhz@biblegateway.com
Bianka,McDell,bmcdelli0@archive.org
Alaster,Heintzsch,aheintzschi1@abc.net.au
Rodger,Conniam,rconniami2@behance.net
Dennet,Sieve,dsievei3@youtube.com
Starlene,Ounsworth,sounsworthi4@mapy.cz
Tammy,Yorston,tyorstoni5@usda.gov
Ashbey,Haxley,ahaxleyi6@simplemachines.org
Darb,Goodram,dgoodrami7@nature.com
Pen,Habbal,phabbali8@google.com.au
Merwyn,Rickis,mrickisi9@google.es
Antonietta,Normanvell,anormanvellia@imageshack.us
Bartolemo,Galey,bgaleyib@pinterest.com
Yorgos,de Savery,ydesaveryic@tuttocitta.it
Pietra,Ruske,pruskeid@ifeng.com
Gretchen,Momery,gmomeryie@reverbnation.com
Christopher,Mazzilli,cmazzilliif@economist.com
Nicholle,Espada,nespadaig@whitehouse.gov
Tony,Bolden,tboldenih@jigsy.com
Talia,Olivelli,tolivelliii@mysql.com
Hadrian,Coult,hcoultij@goodreads.com
Eustace,Svanetti,esvanettiik@wikimedia.org
Maure,Nisard,mnisardil@columbia.edu
Beniamino,Dundredge,bdundredgeim@bbb.org
Lammond,Di Frisco,ldifriscoin@themeforest.net
Edik,Founds,efoundsio@nba.com
Andrei,Durbridge,adurbridgeip@cdbaby.com
Gayleen,Quickenden,gquickendeniq@tripod.com
Nanine,Wolstenholme,nwolstenholmeir@ed.gov
Sybyl,Newson,snewsonis@slashdot.org
Viole,Tallis,vtallisit@elpais.com
Ode,Housby,ohousbyiu@cpanel.net
Sharity,Dilloway,sdillowayiv@taobao.com
Fidel,Gloy,fgloyiw@tuttocitta.it
Carlos,Halfhyde,chalfhydeix@topsy.com
Leigh,Coan,lcoaniy@rediff.com
Moina,Standish-Brooks,mstandishbrooksiz@marriott.com
Antonie,Cicero,aciceroj0@accuweather.com
Purcell,Giroldo,pgiroldoj1@symantec.com
Saxon,Tugman,stugmanj2@state.tx.us
Desirae,Grasner,dgrasnerj3@mysql.com
Darwin,Peirazzi,dpeirazzij4@php.net
Melosa,Banane,mbananej5@homestead.com
Sigismond,Vassall,svassallj6@bbb.org
Conway,Domenc,cdomencj7@patch.com
Laney,Manoch,lmanochj8@simplemachines.org
Debra,Morant,dmorantj9@squarespace.com
Pieter,Elcoat,pelcoatja@fc2.com
Kareem,Oglevie,kogleviejb@sakura.ne.jp
Lammond,Gudyer,lgudyerjc@mapy.cz
Eudora,Moloney,emoloneyjd@chron.com
Myrtle,Mohring,mmohringje@hubpages.com
Ernestine,Collman,ecollmanjf@multiply.com
Rosalyn,Gringley,rgringleyjg@techcrunch.com
Alair,Stonbridge,astonbridgejh@nationalgeographic.com
Vida,West,vwestji@booking.com
Ursulina,Keave,ukeavejj@bigcartel.com
Aleen,Chesney,achesneyjk@ihg.com
Alfredo,Tretter,atretterjl@discovery.com
Lainey,Albon,lalbonjm@discovery.com
Saxon,Fedorchenko,sfedorchenkojn@mac.com
Daryle,Taberner,dtabernerjo@shutterfly.com
Osmund,Castell,ocastelljp@twitpic.com
Noam,Fleisch,nfleischjq@craigslist.org
Alethea,Lecordier,alecordierjr@dedecms.com
Burr,Roddam,broddamjs@ca.gov
Palmer,Briant,pbriantjt@prlog.org
Devlin,Hindsberg,dhindsbergju@hibu.com
Demetre,Haslock(e),dhaslockejv@cornell.edu
Tommie,North,tnorthjw@archive.org
Micheal,Sare,msarejx@etsy.com
Meredeth,Palphreyman,mpalphreymanjy@unesco.org
Roseanna,McCaskill,rmccaskilljz@washingtonpost.com
Ekaterina,Gaughan,egaughank0@redcross.org
Merrie,Worsham,mworshamk1@elegantthemes.com
Irena,Connold,iconnoldk2@unicef.org
Verna,Tennick,vtennickk3@infoseek.co.jp
Carline,Bevis,cbevisk4@latimes.com
Chanda,Brennen,cbrennenk5@businessinsider.com
Goddard,Fittis,gfittisk6@tinypic.com
Leora,Ravens,lravensk7@google.com
Jodee,Pallasch,jpallaschk8@dmoz.org
Lombard,Baysting,lbaystingk9@wired.com
Lacy,O'Geaney,logeaneyka@about.me
Allyson,Cruikshanks,acruikshankskb@studiopress.com
Constantina,Reah,creahkc@tinypic.com
Annnora,Henden,ahendenkd@apple.com
Peta,Schankelborg,pschankelborgke@hibu.com
Gigi,Timbridge,gtimbridgekf@blogger.com
Fayette,Scorer,fscorerkg@123-reg.co.uk
Neil,Belden,nbeldenkh@cisco.com
Luigi,Tomkiss,ltomkisski@economist.com
Shaine,Hawker,shawkerkj@github.com
Conrade,Aleshintsev,caleshintsevkk@aboutads.info
Alyson,Blennerhassett,ablennerhassettkl@about.com
Lea,Repp,lreppkm@vimeo.com
Rubin,Inman,rinmankn@ameblo.jp
Grantley,Percy,gpercyko@redcross.org
Mar,Blackader,mblackaderkp@google.cn
Ruby,Phittiplace,rphittiplacekq@i2i.jp
Johnath,Vittet,jvittetkr@networkadvertising.org
Lib,Boerderman,lboerdermanks@irs.gov
Anthia,Brazier,abrazierkt@cyberchimps.com
Darby,Colvie,dcolvieku@tumblr.com
Natal,Longfut,nlongfutkv@hc360.com
Marsiella,Menault,mmenaultkw@ustream.tv
Therine,Blitzer,tblitzerkx@woothemes.com
Hilliary,Aery,haeryky@cisco.com
Rebekkah,Josskowitz,rjosskowitzkz@globo.com
Simonette,Reedy,sreedyl0@yahoo.co.jp
Allistir,Leftley,aleftleyl1@redcross.org
Herb,Lackeye,hlackeyel2@storify.com
Nicolina,Secombe,nsecombel3@constantcontact.com
Agata,McGrann,amcgrannl4@vistaprint.com
Fancy,Whye,fwhyel5@timesonline.co.uk
Theodora,Wavish,twavishl6@flavors.me
Granger,Vogeller,gvogellerl7@google.pl
Rochella,McElwee,rmcelweel8@angelfire.com
Herschel,Hessle,hhesslel9@cnet.com
Idalina,Warbeys,iwarbeysla@list-manage.com
Catrina,Paolillo,cpaolillolb@disqus.com
Alex,Livard,alivardlc@free.fr
Wallache,Hirtzmann,whirtzmannld@unicef.org
Chere,Hierro,chierrole@disqus.com
Margeaux,Lago,mlagolf@usda.gov
Arlie,Clubley,aclubleylg@bloglines.com
Freddie,Yglesias,fyglesiaslh@printfriendly.com
Saloma,Hanhart,shanhartli@smugmug.com
Kameko,Giffkins,kgiffkinslj@hp.com
Corrinne,Petrashkov,cpetrashkovlk@nydailynews.com
Moreen,Klainman,mklainmanll@dyndns.org
Arnaldo,Shepperd,ashepperdlm@blogs.com
Demetris,Lamplough,dlamploughln@virginia.edu
Waldon,Shadrack,wshadracklo@umich.edu
Jenica,Klimsch,jklimschlp@cam.ac.uk
Shalne,Karlsson,skarlssonlq@ftc.gov
Fionna,Golley,fgolleylr@paginegialle.it
Melamie,Lernihan,mlernihanls@t.co
Pearce,Philipsohn,pphilipsohnlt@biblegateway.com
Xylia,Divis,xdivislu@bloomberg.com
Murray,While,mwhilelv@oakley.com
Rory,Durgan,rdurganlw@hhs.gov
Toby,Trewhela,ttrewhelalx@arstechnica.com
Klarika,Cissell,kcissellly@forbes.com
Sherill,Paute,spautelz@gmpg.org
Neale,Rodder,nrodderm0@constantcontact.com
Sheffie,Nottingam,snottingamm1@ocn.ne.jp
Blythe,Dwight,bdwightm2@goo.gl
Haley,Bransdon,hbransdonm3@vkontakte.ru
Leroi,Arnaudi,larnaudim4@umn.edu
Jacklin,Emer,jemerm5@odnoklassniki.ru
Wyn,Beidebeke,wbeidebekem6@ucoz.ru
Joshua,Buckle,jbucklem7@geocities.jp
Charity,Maling,cmalingm8@census.gov
Evangeline,Galvin,egalvinm9@bloglines.com
Gael,Brickwood,gbrickwoodma@sphinn.com
Joel,Dealtry,jdealtrymb@prweb.com
Buck,Goundrill,bgoundrillmc@dmoz.org
Kara,Coplestone,kcoplestonemd@ezinearticles.com
Garnet,Kettell,gkettellme@chicagotribune.com
Laurens,Doutch,ldoutchmf@nasa.gov
Gradeigh,Prichet,gprichetmg@seattletimes.com
Rebekkah,Stoade,rstoademh@loc.gov
Jerome,Alcido,jalcidomi@deliciousdays.com
Tatum,Borrie,tborriemj@ow.ly
Antonino,Jillard,ajillardmk@google.cn
Isador,Flieger,ifliegerml@china.com.cn
Mitzi,Conville,mconvillemm@sohu.com
Brooke,Huyghe,bhuyghemn@blogs.com
Dulcea,Stump,dstumpmo@lulu.com
Jobey,Salvati,jsalvatimp@ocn.ne.jp
Mattheus,Caslake,mcaslakemq@npr.org
Rodina,Lote,rlotemr@chicagotribune.com
Nydia,Klimentyonok,nklimentyonokms@cdc.gov
Terrel,Barmby,tbarmbymt@weebly.com
Ame,Britzius,abritziusmu@yahoo.co.jp
Gerty,Eckersall,geckersallmv@goo.gl
Valry,Goodlet,vgoodletmw@jalbum.net
Holmes,Bretton,hbrettonmx@mapy.cz
Vita,Muldrew,vmuldrewmy@diigo.com
Thorny,Andriuzzi,tandriuzzimz@wufoo.com
Connie,Leemans,cleemansn0@unblog.fr
Bil,Bruins,bbruinsn1@forbes.com
Guido,Nekrews,gnekrewsn2@domainmarket.com
Prissie,Oulner,poulnern3@tumblr.com
Kyle,Cosgry,kcosgryn4@uol.com.br
Frankie,Legh,fleghn5@g.co
Karilynn,Coppeard,kcoppeardn6@networkadvertising.org
Ceil,Yoell,cyoelln7@altervista.org
Peder,Wint,pwintn8@yale.edu
Darleen,Lipscomb,dlipscombn9@ezinearticles.com
Dana,Unsworth,dunsworthna@ucoz.ru
Kylie,Stockney,kstockneynb@dropbox.com
Lucille,Ponten,lpontennc@w3.org
Kimberli,Minigo,kminigond@vinaora.com
Irvin,Birchenhead,ibirchenheadne@aol.com
Joe,Sibary,jsibarynf@walmart.com
Gunter,Nast,gnastng@ucsd.edu
Reese,Dik,rdiknh@mozilla.com
Ninetta,Custard,ncustardni@wikimedia.org
Glynn,Ashfull,gashfullnj@sogou.com
Hakeem,Boncoeur,hboncoeurnk@1688.com
Julia,Whoolehan,jwhoolehannl@go.com
Wendie,McArd,wmcardnm@acquirethisname.com
Aldric,Ketchell,aketchellnn@npr.org
Wilhelm,Georgiades,wgeorgiadesno@sphinn.com
Shelly,Fannon,sfannonnp@kickstarter.com
Perice,Leggett,pleggettnq@aol.com
Theodor,Berger,tbergernr@archive.org
Cornelia,Toulmin,ctoulminns@tamu.edu
Georgeanne,Oakeshott,goakeshottnt@creativecommons.org
Chevalier,Yandell,cyandellnu@netlog.com
Delly,Gosford,dgosfordnv@stanford.edu
Richard,Vedeshkin,rvedeshkinnw@amazon.com
Dari,Llop,dllopnx@biglobe.ne.jp
Giana,Brixey,gbrixeyny@flickr.com
Ines,Downing,idowningnz@flavors.me
Dorie,Cremin,dcremino0@over-blog.com
Adah,Tutin,atutino1@feedburner.com
Brandy,Baysting,bbaystingo2@unblog.fr
Quinta,Rosetti,qrosettio3@bbb.org
Corrie,Whitley,cwhitleyo4@sakura.ne.jp
Booth,Feathers,bfeatherso5@macromedia.com
Melodee,Yong,myongo6@de.vu
Sayres,De Giorgis,sdegiorgiso7@bloglines.com
Sephira,Georgelin,sgeorgelino8@prnewswire.com
Dwain,Murrigans,dmurriganso9@themeforest.net
Manda,Simonou,msimonouoa@indiegogo.com
Arvy,Caris,acarisob@vkontakte.ru
Kaia,Albrighton,kalbrightonoc@sina.com.cn
Brandyn,Elbourne,belbourneod@canalblog.com
Mira,Ferrierio,mferrieriooe@storify.com
Obed,Hinners,ohinnersof@netscape.com
Timmie,Budge,tbudgeog@uol.com.br
Elton,Fincke,efinckeoh@dailymotion.com
Lay,Atwell,latwelloi@bloglovin.com
Doretta,Fairburne,dfairburneoj@cnn.com
Stacee,Forber,sforberok@discovery.com
Veradis,Oldroyd,voldroydol@scientificamerican.com
Farlie,Van Son,fvansonom@utexas.edu
Irv,Kuhnhardt,ikuhnhardton@chron.com
Juan,Leversha,jlevershaoo@utexas.edu
Andy,Prier,aprierop@senate.gov
Early,Mawd,emawdoq@businessinsider.com
Sela,Curnow,scurnowor@huffingtonpost.com
Ulrich,Kirkham,ukirkhamos@discuz.net
Jocelyn,GiacobbiniJacob,jgiacobbinijacobot@domainmarket.com
Vin,Sauvan,vsauvanou@upenn.edu
Lane,Purrier,lpurrierov@reverbnation.com
Conni,Widdowfield,cwiddowfieldow@answers.com
Costa,Enns,cennsox@squidoo.com
Olva,Clyne,oclyneoy@joomla.org
Bobinette,Kilmurray,bkilmurrayoz@pcworld.com
Wilfred,Jansens,wjansensp0@netlog.com
Danit,Eidelman,deidelmanp1@ameblo.jp
Rupert,Spooner,rspoonerp2@google.com.au
Lisa,Truce,ltrucep3@linkedin.com
Jenelle,Gheorghe,jgheorghep4@domainmarket.com
Aleksandr,Regis,aregisp5@ezinearticles.com
Beryl,Byass,bbyassp6@fda.gov
Arlyn,Gracey,agraceyp7@over-blog.com
Clem,Heighway,cheighwayp8@netscape.com
Christi,Olechnowicz,colechnowiczp9@t.co
Ernestine,Renhard,erenhardpa@berkeley.edu
Jayme,Slaten,jslatenpb@whitehouse.gov
Worden,Minithorpe,wminithorpepc@shinystat.com
Jolie,Wandtke,jwandtkepd@mail.ru
Mildred,Canizares,mcanizarespe@eventbrite.com
Murvyn,Gawkroge,mgawkrogepf@forbes.com
Ermentrude,Grayson,egraysonpg@soundcloud.com
Grayce,Lob,globph@friendfeed.com
Salim,MacCard,smaccardpi@flickr.com
Hali,Bows,hbowspj@webs.com
Curt,Barthelet,cbartheletpk@symantec.com
Ahmad,Bondy,abondypl@addthis.com
Babbette,Rooson,broosonpm@angelfire.com
Tedra,Ceaplen,tceaplenpn@phoca.cz
Genvieve,Guerriero,gguerrieropo@discuz.net
Chandler,Piatti,cpiattipp@unblog.fr
Rosemaria,Costock,rcostockpq@51.la
Bobbi,Abramcik,babramcikpr@addtoany.com
Reina,Sambeck,rsambeckps@gmpg.org
Tamma,Jeffrey,tjeffreypt@amazon.de
Aurea,Gershom,agershompu@flickr.com
Antonio,Antonov,aantonovpv@uol.com.br
Gerrard,Grigoliis,ggrigoliispw@stanford.edu
Samuel,Aldred,saldredpx@springer.com
Suki,Dominick,sdominickpy@so-net.ne.jp
Pippy,Keigher,pkeigherpz@slate.com
Orsola,Nono,ononoq0@berkeley.edu
Beret,Browell,bbrowellq1@gnu.org
Rivy,Every,reveryq2@issuu.com
Van,Clulow,vclulowq3@indiegogo.com
Nettle,Blanchard,nblanchardq4@netlog.com
Rudd,Ivanusyev,rivanusyevq5@photobucket.com
Herbie,Gillatt,hgillattq6@uol.com.br
Travis,Charpling,tcharplingq7@psu.edu
Sammy,Puckinghorne,spuckinghorneq8@senate.gov
Shea,Classen,sclassenq9@deliciousdays.com
Morlee,Ickovitz,mickovitzqa@forbes.com
Alyda,Benit,abenitqb@shutterfly.com
Kevina,Keary,kkearyqc@tripadvisor.com
Alfy,Biddleston,abiddlestonqd@virginia.edu
Korrie,Roocroft,kroocroftqe@bandcamp.com
Giles,Lumm,glummqf@tinyurl.com
Aloin,Jaycock,ajaycockqg@squarespace.com
Cesare,Thornewell,cthornewellqh@loc.gov
Sarina,Wolpert,swolpertqi@umn.edu
Haven,Critzen,hcritzenqj@cmu.edu
Ethelbert,O'Brallaghan,eobrallaghanqk@over-blog.com
Christoph,Verrall,cverrallql@wikispaces.com
Darlene,Beadles,dbeadlesqm@twitter.com
Anselma,Figger,afiggerqn@digg.com
Rurik,Wilsone,rwilsoneqo@histats.com
Aurelia,Juara,ajuaraqp@ucoz.com
Richie,Chaudhry,rchaudhryqq@pagesperso-orange.fr
Giffard,Blastock,gblastockqr@slideshare.net
Gale,Bozworth,gbozworthqs@so-net.ne.jp
Jennine,Glanfield,jglanfieldqt@si.edu
Shanda,Filinkov,sfilinkovqu@php.net
Forbes,Bader,fbaderqv@domainmarket.com
Natal,Champness,nchampnessqw@ask.com
Sada,Rablin,srablinqx@wunderground.com
Abe,Dows,adowsqy@dion.ne.jp
Virgilio,Mishaw,vmishawqz@1und1.de
Latrena,Lardiner,llardinerr0@marketwatch.com
Modestine,Fridlington,mfridlingtonr1@unicef.org
Lida,Gowanson,lgowansonr2@netscape.com
Cristiano,Grellier,cgrellierr3@surveymonkey.com
Ruy,Extill,rextillr4@nasa.gov
Perrine,Parlour,pparlourr5@dmoz.org
Tabor,Lello,tlellor6@wikia.com
Shaun,McFee,smcfeer7@usatoday.com
Cyndie,Pullman,cpullmanr8@meetup.com
Shanda,Mayler,smaylerr9@dot.gov
Bud,Bellocht,bbellochtra@google.de
Madelena,Issett,missettrb@paginegialle.it
Mersey,Kinrade,mkinraderc@cnn.com
Raven,Avis,ravisrd@trellian.com
Aida,Buddle,abuddlere@godaddy.com
Emmy,Theseira,etheseirarf@webs.com
Arlen,Brosio,abrosiorg@tumblr.com
Petrina,O'Fairy,pofairyrh@nymag.com
Dame,Janusz,djanuszri@cargocollective.com
Griselda,Ching,gchingrj@patch.com
Keelia,Mariet,kmarietrk@google.ca
Teriann,Blindt,tblindtrl@example.com
Gustaf,Kobpac,gkobpacrm@artisteer.com
Hildagarde,Frandsen,hfrandsenrn@google.ca
Waylon,Klugman,wklugmanro@uiuc.edu
Ibrahim,Walster,iwalsterrp@ibm.com
Harlan,Ryde,hryderq@phoca.cz
Sandie,Burston,sburstonrr@flavors.me
